"Label (Grouping)","Los Angeles County, California!!Total!!Estimate","Los Angeles County, California!!Total!!Margin of Error","Los Angeles County, California!!Native; born in state of residence!!Estimate","Los Angeles County, California!!Native; born in state of residence!!Margin of Error","Los Angeles County, California!!Native; born in other state in the U.S.!!Estimate","Los Angeles County, California!!Native; born in other state in the U.S.!!Margin of Error","Los Angeles County, California!!Native; born outside U.S.!!Estimate","Los Angeles County, California!!Native; born outside U.S.!!Margin of Error","Agoura Hills-Malibu CCD, Los Angeles County, California!!Total!!Estimate","Agoura Hills-Malibu CCD, Los Angeles County, California!!Total!!Margin of Error","Agoura Hills-Malibu CCD, Los Angeles County, California!!Native; born in state of residence!!Estimate","Agoura Hills-Malibu CCD, Los Angeles County, California!!Native; born in state of residence!!Margin of Error","Agoura Hills-Malibu CCD, Los Angeles County, California!!Native; born in other state in the U.S.!!Estimate","Agoura Hills-Malibu CCD, Los Angeles County, California!!Native; born in other state in the U.S.!!Margin of Error","Agoura Hills-Malibu CCD, Los Angeles County, California!!Native; born outside U.S.!!Estimate","Agoura Hills-Malibu CCD, Los Angeles County, California!!Native; born outside U.S.!!Margin of Error","Compton CCD, Los Angeles County, California!!Total!!Estimate","Compton CCD, Los Angeles County, California!!Total!!Margin of Error","Compton CCD, Los Angeles County, California!!Native; born in state of residence!!Estimate","Compton CCD, Los Angeles County, California!!Native; born in state of residence!!Margin of Error","Compton CCD, Los Angeles County, California!!Native; born in other state in the U.S.!!Estimate","Compton CCD, Los Angeles County, California!!Native; born in other state in the U.S.!!Margin of Error","Compton CCD, Los Angeles County, California!!Native; born outside U.S.!!Estimate","Compton CCD, Los Angeles County, California!!Native; born outside U.S.!!Margin of Error","Downey-Norwalk CCD, Los Angeles County, California!!Total!!Estimate","Downey-Norwalk CCD, Los Angeles County, California!!Total!!Margin of Error","Downey-Norwalk CCD, Los Angeles County, California!!Native; born in state of residence!!Estimate","Downey-Norwalk CCD, Los Angeles County, California!!Native; born in state of residence!!Margin of Error","Downey-Norwalk CCD, Los Angeles County, California!!Native; born in other state in the U.S.!!Estimate","Downey-Norwalk CCD, Los Angeles County, California!!Native; born in other state in the U.S.!!Margin of Error","Downey-Norwalk CCD, Los Angeles County, California!!Native; born outside U.S.!!Estimate","Downey-Norwalk CCD, Los Angeles County, California!!Native; born outside U.S.!!Margin of Error","East San Gabriel Valley CCD, Los Angeles County, California!!Total!!Estimate","East San Gabriel Valley CCD, Los Angeles County, California!!Total!!Margin of Error","East San Gabriel Valley CCD, Los Angeles County, California!!Native; born in state of residence!!Estimate","East San Gabriel Valley CCD, Los Angeles County, California!!Native; born in state of residence!!Margin of Error","East San Gabriel Valley CCD, Los Angeles County, California!!Native; born in other state in the U.S.!!Estimate","East San Gabriel Valley CCD, Los Angeles County, California!!Native; born in other state in the U.S.!!Margin of Error","East San Gabriel Valley CCD, Los Angeles County, California!!Native; born outside U.S.!!Estimate","East San Gabriel Valley CCD, Los Angeles County, California!!Native; born outside U.S.!!Margin of Error","Inglewood CCD, Los Angeles County, California!!Total!!Estimate","Inglewood CCD, Los Angeles County, California!!Total!!Margin of Error","Inglewood CCD, Los Angeles County, California!!Native; born in state of residence!!Estimate","Inglewood CCD, Los Angeles County, California!!Native; born in state of residence!!Margin of Error","Inglewood CCD, Los Angeles County, California!!Native; born in other state in the U.S.!!Estimate","Inglewood CCD, Los Angeles County, California!!Native; born in other state in the U.S.!!Margin of Error","Inglewood CCD, Los Angeles County, California!!Native; born outside U.S.!!Estimate","Inglewood CCD, Los Angeles County, California!!Native; born outside U.S.!!Margin of Error","Long Beach-Lakewood CCD, Los Angeles County, California!!Total!!Estimate","Long Beach-Lakewood CCD, Los Angeles County, California!!Total!!Margin of Error","Long Beach-Lakewood CCD, Los Angeles County, California!!Native; born in state of residence!!Estimate","Long Beach-Lakewood CCD, Los Angeles County, California!!Native; born in state of residence!!Margin of Error","Long Beach-Lakewood CCD, Los Angeles County, California!!Native; born in other state in the U.S.!!Estimate","Long Beach-Lakewood CCD, Los Angeles County, California!!Native; born in other state in the U.S.!!Margin of Error","Long Beach-Lakewood CCD, Los Angeles County, California!!Native; born outside U.S.!!Estimate","Long Beach-Lakewood CCD, Los Angeles County, California!!Native; born outside U.S.!!Margin of Error","Los Angeles CCD, Los Angeles County, California!!Total!!Estimate","Los Angeles CCD, Los Angeles County, California!!Total!!Margin of Error","Los Angeles CCD, Los Angeles County, California!!Native; born in state of residence!!Estimate","Los Angeles CCD, Los Angeles County, California!!Native; born in state of residence!!Margin of Error","Los Angeles CCD, Los Angeles County, California!!Native; born in other state in the U.S.!!Estimate","Los Angeles CCD, Los Angeles County, California!!Native; born in other state in the U.S.!!Margin of Error","Los Angeles CCD, Los Angeles County, California!!Native; born outside U.S.!!Estimate","Los Angeles CCD, Los Angeles County, California!!Native; born outside U.S.!!Margin of Error","Newhall CCD, Los Angeles County, California!!Total!!Estimate","Newhall CCD, Los Angeles County, California!!Total!!Margin of Error","Newhall CCD, Los Angeles County, California!!Native; born in state of residence!!Estimate","Newhall CCD, Los Angeles County, California!!Native; born in state of residence!!Margin of Error","Newhall CCD, Los Angeles County, California!!Native; born in other state in the U.S.!!Estimate","Newhall CCD, Los Angeles County, California!!Native; born in other state in the U.S.!!Margin of Error","Newhall CCD, Los Angeles County, California!!Native; born outside U.S.!!Estimate","Newhall CCD, Los Angeles County, California!!Native; born outside U.S.!!Margin of Error","North Antelope Valley CCD, Los Angeles County, California!!Total!!Estimate","North Antelope Valley CCD, Los Angeles County, California!!Total!!Margin of Error","North Antelope Valley CCD, Los Angeles County, California!!Native; born in state of residence!!Estimate","North Antelope Valley CCD, Los Angeles County, California!!Native; born in state of residence!!Margin of Error","North Antelope Valley CCD, Los Angeles County, California!!Native; born in other state in the U.S.!!Estimate","North Antelope Valley CCD, Los Angeles County, California!!Native; born in other state in the U.S.!!Margin of Error","North Antelope Valley CCD, Los Angeles County, California!!Native; born outside U.S.!!Estimate","North Antelope Valley CCD, Los Angeles County, California!!Native; born outside U.S.!!Margin of Error","Palos Verdes CCD, Los Angeles County, California!!Total!!Estimate","Palos Verdes CCD, Los Angeles County, California!!Total!!Margin of Error","Palos Verdes CCD, Los Angeles County, California!!Native; born in state of residence!!Estimate","Palos Verdes CCD, Los Angeles County, California!!Native; born in state of residence!!Margin of Error","Palos Verdes CCD, Los Angeles County, California!!Native; born in other state in the U.S.!!Estimate","Palos Verdes CCD, Los Angeles County, California!!Native; born in other state in the U.S.!!Margin of Error","Palos Verdes CCD, Los Angeles County, California!!Native; born outside U.S.!!Estimate","Palos Verdes CCD, Los Angeles County, California!!Native; born outside U.S.!!Margin of Error","Pasadena CCD, Los Angeles County, California!!Total!!Estimate","Pasadena CCD, Los Angeles County, California!!Total!!Margin of Error","Pasadena CCD, Los Angeles County, California!!Native; born in state of residence!!Estimate","Pasadena CCD, Los Angeles County, California!!Native; born in state of residence!!Margin of Error","Pasadena CCD, Los Angeles County, California!!Native; born in other state in the U.S.!!Estimate","Pasadena CCD, Los Angeles County, California!!Native; born in other state in the U.S.!!Margin of Error","Pasadena CCD, Los Angeles County, California!!Native; born outside U.S.!!Estimate","Pasadena CCD, Los Angeles County, California!!Native; born outside U.S.!!Margin of Error","San Fernando Valley CCD, Los Angeles County, California!!Total!!Estimate","San Fernando Valley CCD, Los Angeles County, California!!Total!!Margin of Error","San Fernando Valley CCD, Los Angeles County, California!!Native; born in state of residence!!Estimate","San Fernando Valley CCD, Los Angeles County, California!!Native; born in state of residence!!Margin of Error","San Fernando Valley CCD, Los Angeles County, California!!Native; born in other state in the U.S.!!Estimate","San Fernando Valley CCD, Los Angeles County, California!!Native; born in other state in the U.S.!!Margin of Error","San Fernando Valley CCD, Los Angeles County, California!!Native; born outside U.S.!!Estimate","San Fernando Valley CCD, Los Angeles County, California!!Native; born outside U.S.!!Margin of Error","Santa Monica CCD, Los Angeles County, California!!Total!!Estimate","Santa Monica CCD, Los Angeles County, California!!Total!!Margin of Error","Santa Monica CCD, Los Angeles County, California!!Native; born in state of residence!!Estimate","Santa Monica CCD, Los Angeles County, California!!Native; born in state of residence!!Margin of Error","Santa Monica CCD, Los Angeles County, California!!Native; born in other state in the U.S.!!Estimate","Santa Monica CCD, Los Angeles County, California!!Native; born in other state in the U.S.!!Margin of Error","Santa Monica CCD, Los Angeles County, California!!Native; born outside U.S.!!Estimate","Santa Monica CCD, Los Angeles County, California!!Native; born outside U.S.!!Margin of Error","South Antelope Valley CCD, Los Angeles County, California!!Total!!Estimate","South Antelope Valley CCD, Los Angeles County, California!!Total!!Margin of Error","South Antelope Valley CCD, Los Angeles County, California!!Native; born in state of residence!!Estimate","South Antelope Valley CCD, Los Angeles County, California!!Native; born in state of residence!!Margin of Error","South Antelope Valley CCD, Los Angeles County, California!!Native; born in other state in the U.S.!!Estimate","South Antelope Valley CCD, Los Angeles County, California!!Native; born in other state in the U.S.!!Margin of Error","South Antelope Valley CCD, Los Angeles County, California!!Native; born outside U.S.!!Estimate","South Antelope Valley CCD, Los Angeles County, California!!Native; born outside U.S.!!Margin of Error","South Bay Cities CCD, Los Angeles County, California!!Total!!Estimate","South Bay Cities CCD, Los Angeles County, California!!Total!!Margin of Error","South Bay Cities CCD, Los Angeles County, California!!Native; born in state of residence!!Estimate","South Bay Cities CCD, Los Angeles County, California!!Native; born in state of residence!!Margin of Error","South Bay Cities CCD, Los Angeles County, California!!Native; born in other state in the U.S.!!Estimate","South Bay Cities CCD, Los Angeles County, California!!Native; born in other state in the U.S.!!Margin of Error","South Bay Cities CCD, Los Angeles County, California!!Native; born outside U.S.!!Estimate","South Bay Cities CCD, Los Angeles County, California!!Native; born outside U.S.!!Margin of Error","South Gate-East Los Angeles CCD, Los Angeles County, California!!Total!!Estimate","South Gate-East Los Angeles CCD, Los Angeles County, California!!Total!!Margin of Error","South Gate-East Los Angeles CCD, Los Angeles County, California!!Native; born in state of residence!!Estimate","South Gate-East Los Angeles CCD, Los Angeles County, California!!Native; born in state of residence!!Margin of Error","South Gate-East Los Angeles CCD, Los Angeles County, California!!Native; born in other state in the U.S.!!Estimate","South Gate-East Los Angeles CCD, Los Angeles County, California!!Native; born in other state in the U.S.!!Margin of Error","South Gate-East Los Angeles CCD, Los Angeles County, California!!Native; born outside U.S.!!Estimate","South Gate-East Los Angeles CCD, Los Angeles County, California!!Native; born outside U.S.!!Margin of Error","Southwest San Gabriel Valley CCD, Los Angeles County, California!!Total!!Estimate","Southwest San Gabriel Valley CCD, Los Angeles County, California!!Total!!Margin of Error","Southwest San Gabriel Valley CCD, Los Angeles County, California!!Native; born in state of residence!!Estimate","Southwest San Gabriel Valley CCD, Los Angeles County, California!!Native; born in state of residence!!Margin of Error","Southwest San Gabriel Valley CCD, Los Angeles County, California!!Native; born in other state in the U.S.!!Estimate","Southwest San Gabriel Valley CCD, Los Angeles County, California!!Native; born in other state in the U.S.!!Margin of Error","Southwest San Gabriel Valley CCD, Los Angeles County, California!!Native; born outside U.S.!!Estimate","Southwest San Gabriel Valley CCD, Los Angeles County, California!!Native; born outside U.S.!!Margin of Error","Torrance CCD, Los Angeles County, California!!Total!!Estimate","Torrance CCD, Los Angeles County, California!!Total!!Margin of Error","Torrance CCD, Los Angeles County, California!!Native; born in state of residence!!Estimate","Torrance CCD, Los Angeles County, California!!Native; born in state of residence!!Margin of Error","Torrance CCD, Los Angeles County, California!!Native; born in other state in the U.S.!!Estimate","Torrance CCD, Los Angeles County, California!!Native; born in other state in the U.S.!!Margin of Error","Torrance CCD, Los Angeles County, California!!Native; born outside U.S.!!Estimate","Torrance CCD, Los Angeles County, California!!Native; born outside U.S.!!Margin of Error","Upper San Gabriel Valley CCD, Los Angeles County, California!!Total!!Estimate","Upper San Gabriel Valley CCD, Los Angeles County, California!!Total!!Margin of Error","Upper San Gabriel Valley CCD, Los Angeles County, California!!Native; born in state of residence!!Estimate","Upper San Gabriel Valley CCD, Los Angeles County, California!!Native; born in state of residence!!Margin of Error","Upper San Gabriel Valley CCD, Los Angeles County, California!!Native; born in other state in the U.S.!!Estimate","Upper San Gabriel Valley CCD, Los Angeles County, California!!Native; born in other state in the U.S.!!Margin of Error","Upper San Gabriel Valley CCD, Los Angeles County, California!!Native; born outside U.S.!!Estimate","Upper San Gabriel Valley CCD, Los Angeles County, California!!Native; born outside U.S.!!Margin of Error","Whittier CCD, Los Angeles County, California!!Total!!Estimate","Whittier CCD, Los Angeles County, California!!Total!!Margin of Error","Whittier CCD, Los Angeles County, California!!Native; born in state of residence!!Estimate","Whittier CCD, Los Angeles County, California!!Native; born in state of residence!!Margin of Error","Whittier CCD, Los Angeles County, California!!Native; born in other state in the U.S.!!Estimate","Whittier CCD, Los Angeles County, California!!Native; born in other state in the U.S.!!Margin of Error","Whittier CCD, Los Angeles County, California!!Native; born outside U.S.!!Estimate","Whittier CCD, Los Angeles County, California!!Native; born outside U.S.!!Margin of Error"
"Total population","10,098,052","*****","5,182,177","±12,058","1,341,455","±8,595","117,464","±2,494","64,932","±895","32,098","±1,160","20,007","±1,124","1,125","±254","351,459","±1,736","200,548","±2,502","29,382","±1,051","4,905","±681","419,001","±471","235,247","±2,364","28,791","±1,177","5,523","±584","958,160","±3,225","534,188","±3,971","81,858","±2,128","9,492","±813","374,562","±2,262","204,644","±2,919","44,617","±1,449","3,777","±470","577,138","±271","342,293","±2,687","81,510","±2,123","7,742","±666","2,598,846","±6,065","1,194,520","±6,729","438,745","±4,675","29,914","±1,276","261,333","±1,577","155,988","±1,836","46,916","±1,507","3,024","±399","192,039","±1,638","142,497","±1,995","27,425","±1,198","1,770","±329","92,404","±399","47,946","±1,188","20,341","±966","1,619","±298","274,554","±1,647","138,634","±2,247","53,842","±1,650","3,356","±449","1,860,414","±5,963","838,715","±6,361","263,864","±3,494","24,607","±1,355","92,078","±38","37,118","±1,371","31,740","±1,256","1,643","±350","215,283","±1,924","135,182","±2,263","26,793","±1,201","2,104","±350","139,773","±44","72,916","±1,394","43,031","±1,286","2,055","±334","497,962","±2,639","268,708","±3,047","12,186","±858","3,324","±430","323,808","±1,171","145,724","±2,390","14,436","±877","2,864","±409","146,392","±65","75,012","±1,799","25,832","±1,288","2,146","±443","332,369","±1,273","161,246","±2,192","23,796","±926","3,801","±540","325,545","±2,020","218,953","±2,266","26,343","±1,113","2,673","±371"
"    AGE","","","","","","","","","","","","","","","","","","","","","","","","","","","","","","","","","","","","","","","","","","","","","","","","","","","","","","","","","","","","","","","","","","","","","","","","","","","","","","","","","","","","","","","","","","","","","","","","","","","","","","","","","","","","","","","","","","","","","","","","","","","","","","","","","","","","","","","","","","","","","","","","","","","","","","","","","","","","","","","","","","","","","","","",""
"        Under 5 years","6.2%","*****","11.3%","±0.1","1.1%","±0.1","6.2%","±0.5","3.4%","±0.6","6.3%","±1.2","0.7%","±0.7","4.3%","±4.6","7.1%","±0.3","11.9%","±0.6","1.0%","±0.4","8.1%","±3.4","6.3%","±0.3","10.9%","±0.5","1.3%","±0.5","4.8%","±1.8","6.1%","±0.2","10.3%","±0.3","1.5%","±0.3","7.7%","±2.0","7.2%","±0.3","12.7%","±0.6","1.1%","±0.5","3.6%","±2.2","6.7%","±0.3","10.8%","±0.4","1.1%","±0.3","5.2%","±1.8","6.0%","±0.1","12.2%","±0.2","0.9%","±0.1","5.4%","±1.1","6.5%","±0.4","10.3%","±0.6","1.3%","±0.3","3.6%","±2.3","7.6%","±0.5","9.8%","±0.7","1.3%","±0.5","4.0%","±3.0","4.2%","±0.4","7.4%","±0.9","0.7%","±0.4","4.0%","±4.8","6.0%","±0.3","11.0%","±0.6","0.9%","±0.3","7.0%","±3.4","5.8%","±0.1","11.8%","±0.2","1.2%","±0.2","8.0%","±1.4","4.7%","±0.5","10.8%","±1.3","0.5%","±0.3","2.4%","±2.7","7.6%","±0.5","11.5%","±0.7","1.8%","±0.7","6.5%","±3.6","6.3%","±0.6","11.0%","±1.0","1.6%","±0.5","1.6%","±1.4","7.5%","±0.2","13.2%","±0.4","3.7%","±1.0","9.7%","±3.3","5.6%","±0.3","11.7%","±0.6","1.3%","±0.7","8.9%","±3.6","6.1%","±0.5","10.4%","±0.7","1.9%","±0.7","2.5%","±2.5","5.6%","±0.3","10.7%","±0.5","1.7%","±0.6","3.9%","±1.6","6.0%","±0.3","8.6%","±0.4","1.4%","±0.7","7.8%","±2.9"
"        5 to 17 years","16.1%","*****","27.7%","±0.1","4.6%","±0.2","15.9%","±0.9","16.0%","±0.8","26.6%","±1.7","5.2%","±1.4","25.9%","±10.0","18.9%","±0.4","30.6%","±0.7","3.5%","±0.7","15.5%","±4.2","18.0%","±0.4","28.9%","±0.6","5.4%","±1.0","16.0%","±3.7","16.2%","±0.2","26.3%","±0.4","5.4%","±0.6","17.8%","±3.1","17.3%","±0.4","28.6%","±0.8","4.5%","±0.8","19.6%","±5.6","16.1%","±0.3","24.6%","±0.5","3.9%","±0.6","14.4%","±3.0","14.4%","±0.1","27.5%","±0.3","3.3%","±0.2","12.8%","±1.6","19.4%","±0.4","28.6%","±0.7","7.2%","±1.0","17.0%","±4.2","20.3%","±0.7","25.6%","±0.9","5.2%","±1.2","18.8%","±6.6","17.4%","±0.8","28.3%","±1.4","5.6%","±1.4","20.1%","±7.9","14.4%","±0.4","24.3%","±0.8","4.7%","±0.6","13.6%","±4.7","15.2%","±0.2","28.7%","±0.3","5.0%","±0.4","16.0%","±1.6","10.3%","±0.6","19.7%","±1.4","4.1%","±0.9","15.2%","±6.6","20.9%","±0.6","30.3%","±0.8","6.2%","±1.3","26.5%","±9.7","15.9%","±0.7","25.4%","±1.1","5.7%","±0.8","20.5%","±8.0","21.0%","±0.3","35.9%","±0.5","11.3%","±2.1","19.5%","±4.8","13.2%","±0.4","25.2%","±0.7","6.8%","±1.6","20.6%","±5.1","14.7%","±0.5","23.9%","±1.0","6.0%","±1.1","9.3%","±4.1","16.7%","±0.4","30.2%","±0.8","7.4%","±1.1","22.2%","±4.9","16.7%","±0.3","23.7%","±0.5","3.8%","±0.9","10.7%","±3.8"
"        18 to 24 years","10.0%","*****","14.6%","±0.1","5.4%","±0.1","9.4%","±0.6","10.1%","±0.9","13.4%","±1.5","6.1%","±1.0","14.5%","±7.4","11.1%","±0.4","16.3%","±0.6","2.5%","±0.7","9.3%","±3.4","10.2%","±0.3","15.2%","±0.6","4.3%","±0.9","9.9%","±2.2","11.2%","±0.2","16.1%","±0.3","7.3%","±0.6","9.9%","±1.8","9.7%","±0.3","14.0%","±0.5","2.9%","±0.5","9.5%","±3.6","10.4%","±0.3","14.2%","±0.4","3.3%","±0.4","7.3%","±2.1","10.8%","±0.1","15.8%","±0.2","7.4%","±0.3","10.5%","±1.1","9.1%","±0.3","12.2%","±0.6","4.5%","±0.6","11.5%","±4.3","9.4%","±0.6","11.4%","±0.7","4.4%","±0.9","6.8%","±3.9","5.9%","±0.6","9.9%","±1.0","2.0%","±0.7","6.1%","±5.9","7.3%","±0.3","10.0%","±0.5","4.2%","±0.6","8.0%","±2.9","9.3%","±0.1","14.4%","±0.2","5.1%","±0.3","10.2%","±1.5","6.4%","±0.8","9.4%","±1.4","3.5%","±1.0","3.7%","±2.6","10.2%","±0.5","14.3%","±0.7","3.4%","±0.9","6.4%","±3.6","4.6%","±0.4","6.8%","±0.6","2.4%","±0.7","0.8%","±1.1","11.4%","±0.3","17.5%","±0.5","5.3%","±1.3","8.8%","±2.8","8.7%","±0.3","13.8%","±0.7","4.6%","±1.1","10.3%","±3.6","7.4%","±0.5","11.3%","±0.8","3.0%","±0.8","9.2%","±4.5","8.8%","±0.3","14.0%","±0.6","3.5%","±0.9","7.6%","±2.8","10.7%","±0.4","13.9%","±0.5","7.3%","±1.1","7.0%","±2.4"
"        25 to 44 years","29.7%","*****","26.9%","±0.1","28.8%","±0.2","31.7%","±0.8","20.2%","±1.2","18.0%","±1.6","20.0%","±2.0","18.1%","±9.4","28.0%","±0.4","26.9%","±0.8","12.4%","±1.5","22.8%","±4.3","28.3%","±0.4","28.4%","±0.6","15.7%","±1.5","26.3%","±3.6","26.7%","±0.2","26.6%","±0.3","14.8%","±0.8","27.4%","±2.5","30.0%","±0.5","28.5%","±0.8","18.8%","±1.5","32.7%","±5.8","30.5%","±0.4","29.4%","±0.6","23.2%","±1.0","30.1%","±4.3","33.5%","±0.2","27.9%","±0.3","38.9%","±0.5","38.5%","±1.9","26.6%","±0.5","24.7%","±0.7","21.7%","±1.3","25.0%","±5.0","26.6%","±0.6","27.5%","±0.8","19.2%","±1.6","26.6%","±6.0","18.4%","±0.8","18.1%","±1.3","14.2%","±2.0","21.8%","±7.7","28.4%","±0.5","27.0%","±0.7","25.7%","±1.5","37.7%","±7.2","29.8%","±0.2","25.9%","±0.4","30.4%","±0.6","33.8%","±2.0","36.2%","±1.2","31.5%","±2.0","43.2%","±2.5","46.9%","±9.7","24.8%","±0.5","23.7%","±0.7","15.2%","±1.4","21.3%","±6.7","29.8%","±0.7","26.0%","±1.2","33.7%","±1.7","27.9%","±6.7","29.7%","±0.3","25.9%","±0.5","21.2%","±2.3","22.1%","±4.2","27.7%","±0.5","27.0%","±0.7","21.9%","±2.6","24.5%","±4.8","26.0%","±0.6","24.1%","±1.1","20.3%","±1.7","27.7%","±7.9","26.7%","±0.4","24.4%","±0.7","17.7%","±2.0","25.2%","±4.4","27.4%","±0.5","28.8%","±0.7","13.8%","±1.6","32.4%","±5.4"
"        45 to 54 years","13.6%","*****","8.0%","±0.1","14.4%","±0.2","13.7%","±0.7","16.7%","±1.0","13.1%","±1.3","19.3%","±2.0","13.6%","±7.1","12.8%","±0.3","6.9%","±0.4","11.8%","±1.3","18.6%","±3.8","13.4%","±0.4","7.1%","±0.4","13.0%","±1.3","13.5%","±3.0","13.3%","±0.2","8.3%","±0.3","12.1%","±0.7","12.2%","±2.1","13.3%","±0.4","7.5%","±0.4","13.5%","±1.2","14.1%","±4.0","13.7%","±0.3","9.2%","±0.3","16.9%","±0.9","17.5%","±3.0","12.9%","±0.1","6.9%","±0.2","13.6%","±0.4","12.5%","±1.3","15.8%","±0.4","11.7%","±0.5","19.3%","±1.3","21.9%","±5.5","13.1%","±0.5","11.2%","±0.6","14.7%","±1.3","19.8%","±7.0","16.3%","±0.8","12.9%","±1.1","14.0%","±1.7","20.2%","±7.8","14.4%","±0.4","10.3%","±0.5","14.8%","±1.0","11.9%","±3.2","14.0%","±0.1","7.6%","±0.2","14.8%","±0.5","12.6%","±1.5","13.5%","±0.7","11.7%","±1.1","12.4%","±1.2","14.4%","±5.6","13.8%","±0.5","8.1%","±0.5","17.2%","±1.3","9.4%","±4.0","16.8%","±0.6","12.9%","±0.9","18.8%","±1.4","25.5%","±6.2","12.3%","±0.3","3.4%","±0.2","9.7%","±1.8","12.7%","±3.4","14.0%","±0.3","8.3%","±0.5","11.4%","±1.8","7.4%","±2.8","14.7%","±0.6","11.9%","±0.7","13.9%","±1.3","14.0%","±4.8","14.3%","±0.4","7.3%","±0.5","12.7%","±1.3","11.1%","±3.4","12.8%","±0.3","9.6%","±0.4","12.3%","±1.5","14.0%","±4.3"
"        55 to 64 years","11.7%","*****","6.3%","±0.1","16.9%","±0.2","12.0%","±0.6","15.4%","±1.0","11.9%","±1.1","19.9%","±2.1","20.3%","±8.8","10.6%","±0.4","4.6%","±0.3","19.3%","±1.7","14.4%","±3.4","11.3%","±0.3","5.1%","±0.3","19.0%","±1.6","14.9%","±3.3","12.4%","±0.2","6.7%","±0.2","18.6%","±0.7","10.9%","±1.8","11.3%","±0.4","5.4%","±0.3","20.9%","±1.3","11.0%","±3.2","11.4%","±0.2","7.0%","±0.3","20.8%","±1.0","14.3%","±3.0","10.5%","±0.1","5.4%","±0.1","13.6%","±0.3","10.5%","±1.1","12.1%","±0.4","8.0%","±0.4","20.8%","±1.3","11.2%","±3.1","12.1%","±0.5","9.0%","±0.6","23.3%","±1.8","14.5%","±4.8","14.9%","±0.7","11.7%","±1.1","18.0%","±1.7","19.4%","±6.1","13.2%","±0.4","8.8%","±0.5","18.3%","±1.1","11.9%","±3.4","12.4%","±0.1","6.1%","±0.2","16.8%","±0.5","9.9%","±1.1","12.2%","±0.8","9.0%","±1.0","14.4%","±1.4","6.1%","±3.3","12.4%","±0.5","7.9%","±0.5","24.1%","±1.4","13.7%","±5.0","13.1%","±0.7","9.8%","±0.8","17.5%","±1.5","15.3%","±4.8","9.3%","±0.2","2.2%","±0.2","15.9%","±2.1","13.5%","±3.6","13.5%","±0.4","6.5%","±0.4","14.2%","±1.8","11.2%","±3.6","14.3%","±0.5","10.4%","±0.7","19.6%","±1.6","19.8%","±6.2","12.9%","±0.4","6.6%","±0.4","17.4%","±1.5","17.5%","±3.9","12.1%","±0.3","8.3%","±0.3","18.6%","±1.3","13.8%","±3.7"
"        65 to 74 years","7.3%","*****","3.2%","±0.1","14.6%","±0.2","6.8%","±0.5","11.0%","±0.8","7.0%","±1.0","17.0%","±1.9","3.3%","±2.6","6.3%","±0.3","2.0%","±0.2","22.0%","±1.6","7.3%","±2.6","7.3%","±0.2","2.9%","±0.2","20.4%","±1.5","8.5%","±2.5","8.2%","±0.2","3.5%","±0.1","19.8%","±0.8","10.2%","±2.0","6.8%","±0.3","2.2%","±0.2","21.1%","±1.3","6.7%","±2.8","6.9%","±0.2","3.3%","±0.2","16.6%","±0.8","8.0%","±2.3","6.6%","±0.1","2.7%","±0.1","11.3%","±0.3","5.7%","±0.9","6.1%","±0.3","3.2%","±0.3","13.9%","±1.1","2.7%","±1.7","6.6%","±0.3","3.6%","±0.3","17.6%","±1.5","5.5%","±3.4","11.7%","±0.7","6.4%","±0.7","20.8%","±1.9","3.9%","±2.6","9.0%","±0.3","5.2%","±0.4","16.5%","±0.9","5.9%","±1.8","7.6%","±0.1","3.4%","±0.1","13.1%","±0.3","5.5%","±1.1","9.3%","±0.7","4.8%","±0.8","13.8%","±1.3","5.9%","±4.3","6.3%","±0.3","2.9%","±0.3","18.1%","±1.6","9.6%","±4.2","8.2%","±0.5","5.5%","±0.6","12.2%","±1.0","5.9%","±2.8","5.4%","±0.2","1.0%","±0.1","14.8%","±1.9","9.8%","±3.2","8.8%","±0.3","3.7%","±0.3","15.7%","±1.9","10.8%","±3.6","8.6%","±0.4","4.5%","±0.5","15.5%","±1.6","13.0%","±4.3","8.2%","±0.3","3.8%","±0.3","18.2%","±1.6","7.7%","±2.5","7.6%","±0.3","4.0%","±0.3","18.7%","±1.5","6.8%","±2.9"
"        75 years and over","5.6%","*****","1.9%","±0.1","14.2%","±0.1","4.3%","±0.4","7.1%","±0.7","3.8%","±0.8","11.7%","±1.6","0.1%","±0.3","5.1%","±0.2","1.0%","±0.1","27.5%","±1.6","4.1%","±2.0","5.1%","±0.2","1.6%","±0.1","20.9%","±1.5","6.1%","±2.3","5.9%","±0.1","2.2%","±0.1","20.6%","±0.8","4.0%","±1.5","4.5%","±0.2","1.1%","±0.2","17.4%","±1.1","2.8%","±1.7","4.4%","±0.1","1.5%","±0.1","14.1%","±0.8","3.1%","±1.2","5.3%","±0.1","1.6%","±0.1","11.0%","±0.3","4.1%","±0.7","4.4%","±0.3","1.4%","±0.2","11.4%","±1.1","7.0%","±4.4","4.2%","±0.3","1.9%","±0.3","14.3%","±1.2","4.1%","±2.6","11.3%","±0.7","5.3%","±0.7","24.7%","±2.0","4.6%","±2.7","7.3%","±0.3","3.4%","±0.3","14.9%","±1.0","4.1%","±2.9","6.0%","±0.1","2.1%","±0.1","13.6%","±0.4","3.9%","±0.8","7.3%","±0.7","3.1%","±0.7","8.1%","±1.1","5.4%","±3.2","4.1%","±0.3","1.3%","±0.2","14.1%","±1.3","6.6%","±3.8","5.4%","±0.4","2.6%","±0.4","8.0%","±0.9","2.5%","±2.0","3.6%","±0.2","0.8%","±0.1","18.1%","±1.6","3.9%","±2.1","8.5%","±0.3","3.6%","±0.3","24.0%","±2.1","6.2%","±2.5","8.1%","±0.4","3.4%","±0.4","19.8%","±1.5","4.6%","±2.7","6.8%","±0.3","3.0%","±0.3","21.3%","±1.6","4.9%","±2.5","6.5%","±0.2","3.3%","±0.3","24.0%","±1.7","7.6%","±2.8"
"        Median age (years)","36.2","±0.1","23.2","±0.1","52.2","±0.2","35.9","±0.8","45.1","±0.8","28.5","±1.5","54.2","±1.5","36.5","±18.0","33.1","±0.4","21.1","±0.3","64.8","±0.8","40.6","±4.1","35.8","±0.3","22.7","±0.3","60.5","±1.0","39.9","±3.9","36.9","±0.3","23.7","±0.2","60.4","±0.5","36.2","±2.8","35.0","±0.4","22.5","±0.4","59.5","±0.7","34.7","±4.0","35.1","±0.3","25.2","±0.3","55.7","±0.6","39.8","±3.8","34.9","±0.2","22.5","±0.2","44.6","±0.4","34.5","±1.4","36.6","±0.4","24.2","±0.5","53.2","±0.8","41.1","±7.9","33.8","±0.5","26.8","±0.5","57.4","±0.8","41.2","±6.9","47.9","±0.7","29.1","±1.3","62.0","±1.4","43.2","±5.4","40.7","±0.4","27.4","±0.4","54.8","±0.8","37.1","±3.3","37.7","±0.2","22.7","±0.2","50.6","±0.5","32.3","±1.4","39.9","±0.9","29.2","±0.7","44.3","±1.1","37.8","±3.6","33.7","±0.6","21.9","±0.4","57.4","±0.7","32.9","±8.5","40.7","±0.6","29.9","±0.8","48.5","±0.9","44.6","±3.0","31.0","±0.3","18.3","±0.3","54.3","±2.7","34.2","±6.0","40.9","±0.4","24.6","±0.5","57.3","±2.3","27.8","±3.4","41.7","±0.7","27.5","±0.5","57.5","±0.9","48.4","±9.7","39.5","±0.5","22.4","±0.4","59.7","±1.2","38.1","±5.0","36.9","±0.5","26.8","±0.3","60.8","±1.0","41.0","±2.3"
"    SEX","","","","","","","","","","","","","","","","","","","","","","","","","","","","","","","","","","","","","","","","","","","","","","","","","","","","","","","","","","","","","","","","","","","","","","","","","","","","","","","","","","","","","","","","","","","","","","","","","","","","","","","","","","","","","","","","","","","","","","","","","","","","","","","","","","","","","","","","","","","","","","","","","","","","","","","","","","","","","","","","","","","","","","","",""
"        Male","49.3%","*****","50.1%","±0.1","49.9%","±0.2","49.6%","±0.9","48.3%","±1.0","49.6%","±1.9","49.2%","±1.9","49.8%","±9.8","48.9%","±0.4","49.7%","±0.7","43.8%","±1.7","49.6%","±4.7","49.3%","±0.4","50.7%","±0.6","46.9%","±1.4","50.6%","±4.2","49.0%","±0.2","50.2%","±0.4","47.5%","±1.0","48.3%","±3.1","48.2%","±0.4","48.4%","±0.8","46.4%","±1.6","47.6%","±6.0","49.1%","±0.4","49.7%","±0.6","49.3%","±1.0","46.5%","±3.7","49.6%","±0.2","50.0%","±0.3","51.3%","±0.5","50.4%","±1.9","50.3%","±0.5","51.7%","±0.7","50.4%","±1.3","46.2%","±6.5","50.1%","±0.6","50.7%","±0.8","49.8%","±1.8","51.1%","±7.1","48.0%","±0.7","48.1%","±1.3","50.2%","±1.8","41.3%","±8.8","48.4%","±0.5","49.2%","±0.8","50.3%","±1.1","46.8%","±5.4","49.3%","±0.2","50.3%","±0.4","49.9%","±0.6","50.7%","±2.1","49.0%","±1.0","49.3%","±1.7","51.5%","±1.7","48.0%","±8.7","49.7%","±0.7","50.4%","±1.0","49.0%","±1.6","53.2%","±8.8","50.6%","±0.7","51.1%","±1.2","53.2%","±1.2","56.9%","±5.8","49.9%","±0.4","50.3%","±0.6","49.5%","±2.4","51.9%","±5.4","48.6%","±0.5","50.7%","±0.8","50.5%","±2.7","51.2%","±6.2","48.8%","±0.7","51.1%","±1.2","49.3%","±1.8","47.1%","±6.9","49.0%","±0.5","51.1%","±0.7","47.7%","±1.9","47.0%","±4.7","49.0%","±0.5","49.9%","±0.6","47.2%","±1.7","50.2%","±5.5"
"        Female","50.7%","*****","49.9%","±0.1","50.1%","±0.2","50.4%","±0.9","51.7%","±1.0","50.4%","±1.9","50.8%","±1.9","50.2%","±9.8","51.1%","±0.4","50.3%","±0.7","56.2%","±1.7","50.4%","±4.7","50.7%","±0.4","49.3%","±0.6","53.1%","±1.4","49.4%","±4.2","51.0%","±0.2","49.8%","±0.4","52.5%","±1.0","51.7%","±3.1","51.8%","±0.4","51.6%","±0.8","53.6%","±1.6","52.4%","±6.0","50.9%","±0.4","50.3%","±0.6","50.7%","±1.0","53.5%","±3.7","50.4%","±0.2","50.0%","±0.3","48.7%","±0.5","49.6%","±1.9","49.7%","±0.5","48.3%","±0.7","49.6%","±1.3","53.8%","±6.5","49.9%","±0.6","49.3%","±0.8","50.2%","±1.8","48.9%","±7.1","52.0%","±0.7","51.9%","±1.3","49.8%","±1.8","58.7%","±8.8","51.6%","±0.5","50.8%","±0.8","49.7%","±1.1","53.2%","±5.4","50.7%","±0.2","49.7%","±0.4","50.1%","±0.6","49.3%","±2.1","51.0%","±1.0","50.7%","±1.7","48.5%","±1.7","52.0%","±8.7","50.3%","±0.7","49.6%","±1.0","51.0%","±1.6","46.8%","±8.8","49.4%","±0.7","48.9%","±1.2","46.8%","±1.2","43.1%","±5.8","50.1%","±0.4","49.7%","±0.6","50.5%","±2.4","48.1%","±5.4","51.4%","±0.5","49.3%","±0.8","49.5%","±2.7","48.8%","±6.2","51.2%","±0.7","48.9%","±1.2","50.7%","±1.8","52.9%","±6.9","51.0%","±0.5","48.9%","±0.7","52.3%","±1.9","53.0%","±4.7","51.0%","±0.5","50.1%","±0.6","52.8%","±1.7","49.8%","±5.5"
"    RACE AND HISPANIC OR LATINO ORIGIN","","","","","","","","","","","","","","","","","","","","","","","","","","","","","","","","","","","","","","","","","","","","","","","","","","","","","","","","","","","","","","","","","","","","","","","","","","","","","","","","","","","","","","","","","","","","","","","","","","","","","","","","","","","","","","","","","","","","","","","","","","","","","","","","","","","","","","","","","","","","","","","","","","","","","","","","","","","","","","","","","","","","","","","",""
"        One race","96.1%","±0.1","94.7%","±0.1","96.1%","±0.1","91.6%","±0.6","95.7%","±0.9","94.4%","±1.2","97.2%","±1.0","93.4%","±4.1","97.4%","±0.3","96.7%","±0.4","97.0%","±0.8","93.8%","±3.0","96.5%","±0.2","95.5%","±0.4","96.6%","±0.7","94.0%","±2.3","95.6%","±0.2","94.2%","±0.3","95.9%","±0.5","92.9%","±2.0","95.0%","±0.4","93.7%","±0.6","94.8%","±0.9","92.4%","±2.8","95.2%","±0.3","93.8%","±0.4","96.6%","±0.4","89.0%","±2.7","96.2%","±0.1","94.9%","±0.2","95.9%","±0.2","91.0%","±1.3","93.3%","±0.5","91.5%","±0.7","95.3%","±0.8","90.6%","±3.8","95.6%","±0.4","95.6%","±0.5","95.4%","±0.8","84.4%","±6.6","93.9%","±0.9","90.9%","±1.5","97.1%","±0.9","86.2%","±7.5","95.2%","±0.4","93.0%","±0.6","96.1%","±0.7","88.9%","±6.0","96.5%","±0.1","94.9%","±0.2","96.6%","±0.3","92.8%","±1.2","94.1%","±0.8","91.0%","±1.6","96.3%","±0.8","89.6%","±5.0","94.5%","±0.6","93.0%","±0.8","95.2%","±0.9","87.7%","±7.4","93.1%","±0.7","90.1%","±1.1","96.9%","±0.6","84.1%","±4.4","98.6%","±0.2","98.3%","±0.2","98.1%","±0.7","95.8%","±2.8","97.7%","±0.3","96.2%","±0.5","96.3%","±1.1","93.0%","±2.8","93.5%","±0.7","90.3%","±1.1","95.2%","±1.3","85.7%","±4.9","96.4%","±0.3","95.0%","±0.5","96.7%","±0.9","94.4%","±2.3","96.5%","±0.3","95.8%","±0.4","96.6%","±0.6","94.8%","±3.4"
"            White","51.4%","±0.2","53.1%","±0.2","69.9%","±0.3","48.2%","±1.1","84.2%","±1.4","86.0%","±1.9","92.4%","±1.7","75.9%","±10.4","39.0%","±1.1","38.0%","±1.2","23.1%","±1.9","30.2%","±5.7","43.3%","±0.9","47.0%","±1.1","57.7%","±2.3","30.5%","±4.7","44.6%","±0.7","51.5%","±0.8","70.2%","±1.2","44.1%","±3.6","31.2%","±1.0","29.3%","±1.2","27.3%","±1.8","32.2%","±6.7","51.0%","±0.6","52.7%","±0.8","68.4%","±1.2","40.1%","±4.7","48.0%","±0.3","46.8%","±0.4","66.0%","±0.5","51.8%","±2.3","69.1%","±0.9","72.6%","±1.0","82.7%","±1.3","55.8%","±7.4","63.7%","±1.2","66.1%","±1.5","67.4%","±2.0","58.0%","±7.3","61.9%","±1.5","66.5%","±2.3","83.7%","±2.2","36.5%","±8.5","52.8%","±1.0","55.5%","±1.4","72.0%","±1.5","51.4%","±7.6","63.4%","±0.4","64.8%","±0.6","80.2%","±0.6","57.0%","±2.4","76.0%","±1.4","73.9%","±2.6","87.2%","±1.5","77.3%","±6.6","48.5%","±1.3","50.9%","±1.5","68.1%","±2.1","47.4%","±9.8","75.7%","±1.0","76.0%","±1.2","88.4%","±1.1","70.9%","±6.1","60.0%","±0.8","59.0%","±1.0","56.5%","±3.3","51.2%","±6.0","26.3%","±0.8","36.6%","±1.3","55.5%","±2.6","27.9%","±6.3","47.3%","±1.1","54.3%","±1.6","73.5%","±2.4","26.7%","±7.3","43.5%","±0.9","54.1%","±1.3","74.6%","±1.9","31.8%","±5.8","50.3%","±1.2","51.2%","±1.3","76.7%","±1.9","56.8%","±6.9"
"            Black or African American","8.2%","±0.1","10.2%","±0.1","17.2%","±0.2","4.5%","±0.5","2.3%","±0.6","2.1%","±0.8","2.6%","±1.0","2.6%","±2.8","21.9%","±0.6","27.4%","±0.9","65.3%","±1.9","7.8%","±3.1","6.6%","±0.4","8.4%","±0.6","21.8%","±2.3","4.7%","±2.0","3.3%","±0.2","3.7%","±0.3","10.6%","±0.8","1.6%","±0.9","28.4%","±0.8","33.9%","±1.0","59.2%","±1.8","13.7%","±5.9","11.9%","±0.5","14.4%","±0.6","20.1%","±1.1","6.2%","±2.1","11.9%","±0.2","15.8%","±0.3","21.5%","±0.4","5.6%","±0.9","4.1%","±0.4","3.7%","±0.4","7.5%","±1.1","5.6%","±3.6","19.2%","±0.9","20.6%","±1.2","23.2%","±2.2","6.7%","±3.9","2.2%","±0.4","2.2%","±0.5","4.0%","±1.4","0.8%","±1.3","9.1%","±0.5","11.0%","±0.8","15.2%","±1.1","6.8%","±3.3","3.9%","±0.2","4.3%","±0.2","9.7%","±0.5","4.0%","±1.1","4.4%","±0.7","5.9%","±1.4","3.7%","±1.0","1.3%","±1.4","10.5%","±0.7","11.9%","±0.9","20.6%","±2.0","3.4%","±3.5","2.3%","±0.5","2.4%","±0.7","2.4%","±0.6","0.3%","±0.4","1.6%","±0.2","2.0%","±0.2","15.1%","±2.4","2.0%","±1.6","1.1%","±0.2","1.7%","±0.4","6.1%","±1.2","0.8%","±0.9","2.7%","±0.6","3.5%","±0.9","3.9%","±1.1","0.7%","±1.0","2.0%","±0.3","2.6%","±0.4","7.5%","±1.3","0.2%","±0.3","1.4%","±0.3","1.4%","±0.3","3.1%","±0.7","0.6%","±0.9"
"            American Indian and Alaska Native","0.7%","±0.1","0.8%","±0.1","0.6%","±0.1","0.4%","±0.1","0.3%","±0.2","0.5%","±0.4","0.1%","±0.1","0.0%","±3.1","0.6%","±0.2","0.7%","±0.2","0.5%","±0.3","0.3%","±0.4","0.5%","±0.1","0.6%","±0.2","0.8%","±0.4","0.9%","±0.8","1.0%","±0.1","1.2%","±0.2","1.7%","±0.5","1.0%","±0.6","0.8%","±0.2","0.8%","±0.2","0.6%","±0.3","0.4%","±0.6","0.8%","±0.1","0.9%","±0.2","0.7%","±0.2","0.7%","±0.7","0.9%","±0.1","0.9%","±0.1","0.4%","±0.1","0.3%","±0.2","0.8%","±0.3","0.9%","±0.2","0.3%","±0.1","0.3%","±0.4","0.8%","±0.2","0.8%","±0.3","0.8%","±0.4","0.4%","±0.6","0.3%","±0.2","0.4%","±0.3","0.1%","±0.1","0.0%","±2.1","0.3%","±0.1","0.3%","±0.1","0.4%","±0.2","0.0%","±1.0","0.5%","±0.1","0.6%","±0.1","0.5%","±0.1","0.3%","±0.4","0.3%","±0.2","0.6%","±0.4","0.2%","±0.2","1.1%","±1.7","0.9%","±0.2","1.1%","±0.4","0.4%","±0.2","0.2%","±0.3","0.4%","±0.1","0.5%","±0.3","0.1%","±0.1","0.6%","±0.9","0.6%","±0.2","0.5%","±0.1","2.1%","±1.2","1.3%","±1.7","0.5%","±0.1","0.8%","±0.2","1.4%","±1.0","0.3%","±0.4","0.6%","±0.3","1.0%","±0.6","0.4%","±0.2","0.0%","±1.6","0.6%","±0.2","0.7%","±0.2","1.3%","±0.5","0.3%","±0.4","0.9%","±0.2","0.9%","±0.2","1.7%","±0.6","1.1%","±1.1"
"            Asian","14.6%","±0.1","7.9%","±0.1","4.9%","±0.1","20.9%","±0.7","7.3%","±0.9","4.3%","±0.9","1.5%","±0.6","8.5%","±5.6","9.5%","±0.4","4.4%","±0.4","3.9%","±0.7","18.2%","±4.2","17.0%","±0.4","8.3%","±0.4","8.2%","±1.1","29.1%","±4.4","22.7%","±0.3","10.9%","±0.3","7.2%","±0.5","31.1%","±3.1","8.1%","±0.4","4.3%","±0.3","4.1%","±0.8","22.0%","±6.0","14.1%","±0.4","8.4%","±0.4","3.7%","±0.4","22.9%","±3.2","12.1%","±0.2","6.7%","±0.2","5.0%","±0.3","17.7%","±1.6","12.2%","±0.5","7.0%","±0.5","3.3%","±0.6","17.6%","±6.0","4.0%","±0.4","1.7%","±0.3","1.2%","±0.4","14.1%","±5.1","24.1%","±1.0","15.8%","±1.4","7.7%","±1.5","37.3%","±8.5","20.7%","±0.7","13.5%","±0.7","6.8%","±0.8","23.0%","±5.5","11.1%","±0.2","6.6%","±0.2","3.0%","±0.3","16.4%","±1.9","9.9%","±0.8","6.5%","±0.9","4.4%","±0.8","9.1%","±4.7","4.4%","±0.4","1.8%","±0.3","1.1%","±0.6","11.1%","±5.5","11.3%","±0.8","7.5%","±0.9","4.3%","±0.7","8.7%","±3.7","0.9%","±0.1","0.6%","±0.1","1.3%","±0.6","1.2%","±1.2","49.6%","±0.7","27.6%","±0.9","24.4%","±2.4","45.8%","±6.2","36.6%","±1.2","24.4%","±1.5","15.2%","±1.6","43.2%","±8.4","34.6%","±0.6","18.9%","±0.7","9.7%","±1.3","45.9%","±6.6","7.0%","±0.4","3.3%","±0.3","3.3%","±1.0","12.9%","±4.6"
"            Native Hawaiian and Other Pacific Islander","0.3%","±0.1","0.3%","±0.1","0.3%","±0.1","2.9%","±0.5","0.1%","±0.1","0.0%","±0.1","0.0%","±0.1","2.1%","±2.4","0.9%","±0.2","0.9%","±0.3","0.8%","±0.5","7.6%","±3.8","0.5%","±0.1","0.5%","±0.2","0.6%","±0.4","6.0%","±2.7","0.2%","±0.1","0.3%","±0.1","0.5%","±0.2","1.9%","±1.2","0.6%","±0.3","0.5%","±0.3","0.3%","±0.3","2.8%","±2.7","0.8%","±0.1","0.8%","±0.2","0.8%","±0.2","7.1%","±2.7","0.2%","±0.1","0.2%","±0.1","0.3%","±0.1","1.6%","±0.7","0.1%","±0.1","0.1%","±0.1","0.1%","±0.1","2.1%","±2.0","0.1%","±0.1","0.1%","±0.1","0.2%","±0.1","1.7%","±1.3","0.4%","±0.3","0.2%","±0.2","0.2%","±0.4","5.8%","±7.4","0.2%","±0.1","0.2%","±0.1","0.3%","±0.2","0.3%","±0.4","0.1%","±0.1","0.1%","±0.1","0.2%","±0.1","1.5%","±0.6","0.1%","±0.1","0.2%","±0.2","0.1%","±0.2","0.0%","±2.1","0.2%","±0.1","0.2%","±0.2","0.3%","±0.3","1.1%","±1.8","0.1%","±0.1","0.0%","±0.1","0.1%","±0.1","0.0%","±1.7","0.1%","±0.1","0.1%","±0.1","1.0%","±0.6","2.2%","±2.3","0.3%","±0.1","0.2%","±0.1","0.5%","±0.4","6.0%","±4.5","0.6%","±0.3","0.6%","±0.4","0.2%","±0.2","6.5%","±7.0","0.4%","±0.1","0.3%","±0.2","0.1%","±0.1","8.8%","±5.2","0.2%","±0.1","0.2%","±0.2","0.1%","±0.1","1.8%","±1.6"
"            Some other race","21.0%","±0.2","22.4%","±0.2","3.3%","±0.1","14.7%","±0.8","1.6%","±0.5","1.4%","±0.5","0.6%","±0.5","4.3%","±5.6","25.5%","±1.0","25.3%","±1.1","3.5%","±1.0","29.8%","±5.6","28.6%","±0.9","30.7%","±1.1","7.5%","±1.2","22.7%","±4.7","23.7%","±0.7","26.6%","±0.8","5.7%","±0.7","13.2%","±2.2","25.9%","±0.9","24.7%","±1.0","3.3%","±0.5","21.3%","±5.7","16.6%","±0.6","16.6%","±0.7","3.0%","±0.4","11.9%","±3.3","23.1%","±0.3","24.5%","±0.4","2.8%","±0.2","13.9%","±1.5","7.0%","±0.6","7.2%","±0.8","1.3%","±0.4","9.3%","±4.7","7.8%","±0.9","6.3%","±0.9","2.6%","±0.9","3.4%","±2.9","5.1%","±1.0","5.7%","±1.3","1.3%","±0.9","5.8%","±4.9","12.2%","±0.8","12.5%","±1.1","1.5%","±0.4","7.5%","±3.5","17.5%","±0.4","18.5%","±0.5","3.0%","±0.3","13.6%","±1.7","3.3%","±0.8","3.9%","±0.9","0.7%","±0.4","0.8%","±0.9","30.1%","±1.3","27.1%","±1.4","4.7%","±1.0","24.5%","±8.1","3.3%","±0.5","3.5%","±0.7","1.5%","±0.5","3.7%","±2.9","35.4%","±0.8","36.1%","±1.1","22.0%","±2.7","38.0%","±6.0","19.9%","±0.9","29.2%","±1.5","8.4%","±1.6","12.2%","±5.7","5.7%","±0.8","6.5%","±1.1","2.0%","±0.9","8.6%","±3.9","15.3%","±0.9","18.5%","±1.2","3.5%","±0.8","7.4%","±2.9","36.9%","±1.1","38.8%","±1.3","11.7%","±1.8","21.5%","±5.1"
"        Two or more races","3.9%","±0.1","5.3%","±0.1","3.9%","±0.1","8.4%","±0.6","4.3%","±0.9","5.6%","±1.2","2.8%","±1.0","6.6%","±4.1","2.6%","±0.3","3.3%","±0.4","3.0%","±0.8","6.2%","±3.0","3.5%","±0.2","4.5%","±0.4","3.4%","±0.7","6.0%","±2.3","4.4%","±0.2","5.8%","±0.3","4.1%","±0.5","7.1%","±2.0","5.0%","±0.4","6.3%","±0.6","5.2%","±0.9","7.6%","±2.8","4.8%","±0.3","6.2%","±0.4","3.4%","±0.4","11.0%","±2.7","3.8%","±0.1","5.1%","±0.2","4.1%","±0.2","9.0%","±1.3","6.7%","±0.5","8.5%","±0.7","4.7%","±0.8","9.4%","±3.8","4.4%","±0.4","4.4%","±0.5","4.6%","±0.8","15.6%","±6.6","6.1%","±0.9","9.1%","±1.5","2.9%","±0.9","13.8%","±7.5","4.8%","±0.4","7.0%","±0.6","3.9%","±0.7","11.1%","±6.0","3.5%","±0.1","5.1%","±0.2","3.4%","±0.3","7.2%","±1.2","5.9%","±0.8","9.0%","±1.6","3.7%","±0.8","10.4%","±5.0","5.5%","±0.6","7.0%","±0.8","4.8%","±0.9","12.3%","±7.4","6.9%","±0.7","9.9%","±1.1","3.1%","±0.6","15.9%","±4.4","1.4%","±0.2","1.7%","±0.2","1.9%","±0.7","4.2%","±2.8","2.3%","±0.3","3.8%","±0.5","3.7%","±1.1","7.0%","±2.8","6.5%","±0.7","9.7%","±1.1","4.8%","±1.3","14.3%","±4.9","3.6%","±0.3","5.0%","±0.5","3.3%","±0.9","5.6%","±2.3","3.5%","±0.3","4.2%","±0.4","3.4%","±0.6","5.2%","±3.4"
"        Hispanic or Latino origin (of any race)","48.5%","*****","53.7%","±0.1","10.7%","±0.2","38.6%","±1.1","9.6%","±1.1","11.4%","±1.7","3.8%","±1.1","12.3%","±7.2","62.6%","±0.6","61.6%","±0.9","11.7%","±1.5","61.4%","±5.6","61.8%","±0.6","67.1%","±0.8","22.3%","±1.8","47.1%","±5.1","54.8%","±0.3","64.0%","±0.5","20.6%","±1.0","43.7%","±3.6","52.8%","±0.8","51.1%","±0.9","9.9%","±1.0","50.4%","±7.4","41.9%","±0.5","43.5%","±0.7","10.2%","±0.9","31.3%","±4.5","47.9%","±0.2","52.4%","±0.4","8.4%","±0.3","33.9%","±2.0","33.0%","±0.7","35.8%","±1.0","8.6%","±1.2","33.5%","±7.2","39.0%","±1.1","41.9%","±1.4","9.2%","±1.2","27.3%","±6.8","16.7%","±1.2","21.3%","±2.1","4.1%","±1.1","9.6%","±5.6","27.5%","±0.8","31.5%","±1.1","6.3%","±0.8","23.2%","±5.4","42.2%","±0.3","48.4%","±0.4","9.5%","±0.5","37.3%","±2.8","15.9%","±1.0","20.0%","±1.9","5.3%","±1.2","27.2%","±9.6","54.7%","±1.0","54.8%","±1.2","11.6%","±1.5","51.8%","±9.2","13.5%","±0.9","16.6%","±1.5","5.6%","±1.0","19.4%","±6.2","95.0%","±0.3","94.5%","±0.4","60.6%","±3.2","90.0%","±3.3","40.6%","±0.7","59.0%","±1.0","26.7%","±2.5","39.3%","±6.9","17.5%","±1.0","22.9%","±1.6","7.0%","±1.7","19.2%","±5.8","44.8%","±0.7","55.1%","±0.9","13.5%","±1.5","30.6%","±5.4","71.1%","±0.6","74.4%","±0.8","30.1%","±2.1","65.7%","±5.8"
"        White alone, not Hispanic or Latino","26.3%","±0.1","25.1%","±0.1","63.4%","±0.3","27.2%","±1.0","76.9%","±1.5","77.4%","±2.3","89.6%","±1.9","63.9%","±12.4","4.2%","±0.3","4.4%","±0.4","15.3%","±1.5","2.9%","±1.9","12.7%","±0.5","14.1%","±0.6","44.2%","±2.2","10.6%","±3.0","17.4%","±0.3","19.4%","±0.4","57.7%","±1.3","16.9%","±2.8","8.0%","±0.3","7.5%","±0.5","22.2%","±1.4","7.6%","±2.6","28.7%","±0.5","29.9%","±0.6","62.4%","±1.2","24.5%","±3.4","25.6%","±0.2","22.1%","±0.3","61.2%","±0.5","34.7%","±1.9","46.8%","±0.8","48.6%","±1.2","76.9%","±1.6","33.7%","±6.2","34.8%","±1.2","33.0%","±1.4","61.5%","±2.1","39.5%","±7.3","52.2%","±1.4","54.3%","±2.2","81.1%","±2.1","33.0%","±8.3","39.4%","±0.9","39.5%","±1.2","67.9%","±1.5","37.6%","±6.0","40.3%","±0.2","37.2%","±0.4","74.4%","±0.7","35.4%","±2.4","64.3%","±1.5","59.7%","±2.7","82.7%","±1.7","53.1%","±9.6","27.7%","±0.7","28.4%","±1.0","62.4%","±2.0","24.8%","±7.4","66.7%","±1.1","65.0%","±1.5","84.6%","±1.4","56.8%","±7.5","2.2%","±0.2","2.6%","±0.3","20.0%","±2.5","4.2%","±1.9","7.4%","±0.4","9.9%","±0.7","38.8%","±2.6","5.2%","±2.5","38.2%","±1.1","42.1%","±1.7","69.8%","±2.4","19.1%","±5.8","16.5%","±0.5","20.8%","±0.8","65.6%","±1.9","11.2%","±3.6","18.9%","±0.5","18.8%","±0.7","60.6%","±2.1","15.7%","±4.2"
"LANGUAGE SPOKEN AT HOME AND ABILITY TO SPEAK ENGLISH","","","","","","","","","","","","","","","","","","","","","","","","","","","","","","","","","","","","","","","","","","","","","","","","","","","","","","","","","","","","","","","","","","","","","","","","","","","","","","","","","","","","","","","","","","","","","","","","","","","","","","","","","","","","","","","","","","","","","","","","","","","","","","","","","","","","","","","","","","","","","","","","","","","","","","","","","","","","","","","","","","","","","","","",""
"    Population 5 years and over","9,473,307","*****","4,594,830","±11,785","1,326,170","±8,386","110,227","±2,317","62,703","±1,036","30,071","±1,172","19,866","±1,123","1,077","±240","326,545","±2,083","176,781","±2,675","29,077","±1,054","4,508","±611","392,423","±1,320","209,649","±2,533","28,405","±1,163","5,260","±564","899,823","±3,409","479,217","±3,881","80,653","±2,084","8,765","±773","347,609","±2,211","178,727","±2,576","44,144","±1,465","3,640","±468","538,262","±1,578","305,250","±2,502","80,587","±2,078","7,339","±645","2,443,574","±5,999","1,048,649","±6,270","434,880","±4,572","28,298","±1,210","244,304","±1,878","139,878","±1,844","46,309","±1,474","2,915","±385","177,516","±1,924","128,602","±2,317","27,064","±1,159","1,700","±324","88,487","±544","44,404","±1,201","20,192","±968","1,555","±280","258,196","±1,850","123,356","±2,274","53,367","±1,657","3,122","±399","1,752,594","±5,832","739,657","±5,982","260,749","±3,405","22,631","±1,336","87,779","±505","33,112","±1,414","31,572","±1,243","1,604","±339","198,947","±1,942","119,579","±2,204","26,305","±1,207","1,967","±329","130,926","±776","64,931","±1,402","42,325","±1,227","2,022","±330","460,799","±2,494","233,111","±2,658","11,739","±822","3,003","±423","305,701","±1,450","128,635","±2,470","14,244","±882","2,610","±371","137,404","±670","67,212","±1,739","25,345","±1,257","2,092","±439","313,792","±1,456","143,917","±2,102","23,383","±929","3,654","±541","305,923","±2,031","200,092","±2,352","25,964","±1,092","2,465","±350"
"        Speak language other than English","56.6%","±0.2","43.5%","±0.2","12.1%","±0.2","53.7%","±1.2","19.7%","±1.6","9.9%","±1.5","5.9%","±1.3","25.3%","±9.9","64.8%","±0.8","52.7%","±1.0","12.7%","±1.4","80.5%","±4.1","65.6%","±0.6","51.6%","±0.9","21.0%","±1.7","57.9%","±5.0","59.9%","±0.5","44.0%","±0.6","18.0%","±1.0","56.1%","±3.7","56.6%","±0.9","44.0%","±1.0","11.0%","±1.2","58.2%","±7.5","45.2%","±0.6","33.1%","±0.8","10.1%","±0.7","49.1%","±4.1","57.9%","±0.3","47.7%","±0.4","11.8%","±0.4","52.9%","±2.5","31.8%","±1.0","19.9%","±1.0","7.5%","±0.9","32.9%","±6.7","23.7%","±1.2","18.9%","±1.4","5.6%","±1.0","28.5%","±7.7","34.5%","±1.5","20.4%","±1.9","8.9%","±1.5","48.4%","±10.1","41.9%","±1.1","28.5%","±1.4","10.1%","±1.2","39.5%","±6.0","59.1%","±0.4","44.3%","±0.4","11.0%","±0.5","51.6%","±2.7","29.2%","±1.4","19.3%","±1.9","8.4%","±1.3","43.3%","±9.2","39.4%","±1.4","28.3%","±1.5","6.6%","±1.1","44.1%","±8.5","19.4%","±1.1","11.0%","±1.3","7.1%","±0.9","29.3%","±7.3","89.6%","±0.4","83.8%","±0.7","57.3%","±3.4","86.9%","±4.4","74.3%","±0.9","53.5%","±1.3","31.0%","±3.0","64.0%","±5.6","39.8%","±1.3","20.5%","±1.4","11.2%","±1.6","54.9%","±7.8","67.5%","±0.7","49.4%","±1.2","16.4%","±1.8","70.9%","±5.0","52.3%","±0.9","40.9%","±1.1","21.5%","±1.7","56.3%","±7.7"
"            Speak English  ""very well""","32.7%","±0.2","38.8%","±0.2","10.6%","±0.2","39.2%","±1.2","14.7%","±1.2","8.5%","±1.3","5.5%","±1.1","23.8%","±9.9","39.1%","±0.7","47.2%","±1.1","10.5%","±1.4","58.9%","±5.7","41.1%","±0.6","46.1%","±1.0","17.7%","±1.7","42.2%","±4.4","36.1%","±0.5","40.2%","±0.6","15.8%","±0.9","36.8%","±3.5","32.3%","±0.7","39.3%","±1.0","9.4%","±1.1","42.0%","±8.1","29.1%","±0.5","29.7%","±0.7","9.0%","±0.7","37.9%","±4.0","32.3%","±0.3","42.9%","±0.5","10.6%","±0.4","39.8%","±2.1","21.2%","±0.8","17.5%","±0.9","6.4%","±0.8","23.1%","±4.8","12.9%","±0.8","11.9%","±1.0","4.7%","±0.8","21.1%","±6.8","22.4%","±1.3","18.4%","±1.8","7.8%","±1.3","34.1%","±8.5","26.2%","±0.8","25.9%","±1.4","8.9%","±1.1","31.0%","±5.5","34.1%","±0.3","39.8%","±0.4","9.6%","±0.5","39.8%","±2.6","19.4%","±1.2","16.9%","±1.9","7.9%","±1.3","38.5%","±9.6","21.9%","±1.0","24.5%","±1.4","5.5%","±1.0","31.0%","±8.7","14.8%","±0.9","10.2%","±1.2","6.4%","±0.9","25.4%","±7.4","48.0%","±0.6","73.4%","±0.8","37.6%","±3.4","51.5%","±6.3","36.7%","±0.8","47.7%","±1.3","26.1%","±2.9","42.5%","±6.8","22.3%","±1.0","18.1%","±1.4","9.9%","±1.5","41.2%","±7.8","34.7%","±0.6","44.6%","±1.2","13.5%","±1.6","43.6%","±5.5","34.0%","±0.7","35.5%","±1.0","17.6%","±1.5","36.6%","±7.0"
"            Speak English less than ""very well""","23.9%","±0.1","4.7%","±0.1","1.6%","±0.1","14.5%","±0.8","5.0%","±1.0","1.4%","±0.6","0.4%","±0.3","1.6%","±2.3","25.7%","±0.7","5.5%","±0.4","2.2%","±0.6","21.7%","±4.3","24.4%","±0.5","5.5%","±0.4","3.3%","±0.6","15.8%","±3.2","23.8%","±0.4","3.8%","±0.2","2.2%","±0.3","19.3%","±3.1","24.2%","±0.6","4.6%","±0.4","1.6%","±0.4","16.2%","±4.1","16.1%","±0.4","3.4%","±0.3","1.1%","±0.3","11.2%","±2.0","25.6%","±0.2","4.8%","±0.2","1.1%","±0.1","13.1%","±1.4","10.6%","±0.6","2.3%","±0.4","1.0%","±0.3","9.8%","±4.2","10.8%","±0.7","7.0%","±0.8","0.9%","±0.4","7.4%","±3.6","12.2%","±0.9","2.0%","±0.6","1.1%","±0.6","14.3%","±7.1","15.7%","±0.7","2.6%","±0.4","1.2%","±0.3","8.4%","±3.1","24.9%","±0.3","4.5%","±0.2","1.3%","±0.2","11.8%","±1.6","9.8%","±0.9","2.4%","±0.6","0.5%","±0.3","4.9%","±3.9","17.5%","±0.8","3.8%","±0.5","1.1%","±0.4","13.2%","±5.4","4.6%","±0.5","0.9%","±0.3","0.7%","±0.3","4.0%","±4.3","41.6%","±0.6","10.4%","±0.6","19.7%","±2.8","35.4%","±6.0","37.6%","±0.7","5.8%","±0.4","4.9%","±1.1","21.5%","±5.1","17.4%","±1.0","2.5%","±0.5","1.3%","±0.5","13.8%","±6.7","32.8%","±0.6","4.8%","±0.4","2.9%","±0.7","27.3%","±4.5","18.3%","±0.6","5.4%","±0.4","3.9%","±0.9","19.7%","±4.7"
"MARITAL STATUS","","","","","","","","","","","","","","","","","","","","","","","","","","","","","","","","","","","","","","","","","","","","","","","","","","","","","","","","","","","","","","","","","","","","","","","","","","","","","","","","","","","","","","","","","","","","","","","","","","","","","","","","","","","","","","","","","","","","","","","","","","","","","","","","","","","","","","","","","","","","","","","","","","","","","","","","","","","","","","","","","","","","","","","",""
"    Population 15 years and over","8,238,808","*****","3,484,094","±10,932","1,280,086","±8,091","96,249","±2,039","55,178","±1,105","23,909","±1,126","19,082","±1,047","858","±179","276,034","±2,141","129,548","±2,603","28,414","±1,050","3,985","±559","335,208","±1,624","156,925","±2,498","27,253","±1,118","4,727","±544","782,727","±2,735","372,186","±3,246","77,238","±2,040","7,426","±628","296,679","±2,274","132,180","±2,399","42,645","±1,431","2,940","±407","467,862","±2,010","240,373","±2,546","78,244","±2,022","6,606","±610","2,155,061","±5,547","790,535","±5,281","423,617","±4,599","25,377","±1,190","206,153","±1,780","105,797","±1,640","43,912","±1,390","2,586","±339","147,769","±1,668","100,775","±2,094","25,922","±1,091","1,402","±285","77,071","±742","34,603","±1,080","19,290","±923","1,314","±257","228,556","±1,769","97,771","±2,170","51,509","±1,602","2,760","±362","1,538,569","±5,109","552,987","±5,338","251,067","±3,266","19,690","±1,231","80,689","±579","27,492","±1,304","30,749","±1,253","1,412","±286","164,950","±1,861","88,143","±1,764","25,168","±1,154","1,605","±257","113,921","±983","50,684","±1,290","40,552","±1,289","1,651","±276","380,768","±2,269","158,131","±2,238","10,635","±740","2,488","±354","273,833","±1,561","100,791","±2,041","13,484","±856","2,105","±308","121,128","±744","53,766","±1,605","24,107","±1,190","1,993","±437","271,261","±1,993","106,106","±1,926","22,034","±893","3,086","±503","265,391","±1,917","161,392","±2,267","25,164","±1,047","2,238","±346"
"        Never married","41.8%","±0.1","60.2%","±0.2","33.7%","±0.3","44.3%","±1.2","31.6%","±1.7","45.3%","±2.4","19.6%","±1.9","43.7%","±11.2","44.6%","±0.7","67.6%","±0.9","23.4%","±2.1","36.5%","±5.7","38.9%","±0.6","59.7%","±0.9","24.4%","±1.7","42.6%","±5.6","37.9%","±0.4","56.5%","±0.6","22.9%","±1.0","40.0%","±4.1","43.7%","±0.7","64.8%","±1.0","29.8%","±1.6","43.5%","±5.8","43.8%","±0.5","58.4%","±0.7","29.0%","±1.2","43.7%","±4.2","49.3%","±0.3","68.5%","±0.4","47.0%","±0.6","51.1%","±2.4","33.6%","±0.6","47.3%","±1.1","19.3%","±1.7","40.3%","±7.5","42.0%","±1.0","51.8%","±1.2","22.0%","±1.7","37.8%","±9.1","24.2%","±1.1","40.1%","±1.9","12.4%","±1.8","31.3%","±9.0","35.5%","±0.8","50.2%","±1.1","26.9%","±1.5","37.5%","±6.4","38.7%","±0.2","59.8%","±0.4","32.8%","±0.6","47.7%","±2.7","43.6%","±1.3","57.4%","±1.9","42.0%","±2.5","41.1%","±10.7","36.3%","±0.7","53.5%","±1.1","16.4%","±1.7","35.1%","±7.3","32.4%","±1.1","43.5%","±1.7","27.0%","±1.8","25.3%","±6.4","46.6%","±0.5","72.5%","±0.8","31.8%","±2.5","38.1%","±6.3","37.7%","±0.6","60.9%","±1.2","28.4%","±2.4","45.4%","±7.1","30.1%","±0.9","46.1%","±1.6","20.0%","±1.9","29.7%","±8.8","36.6%","±0.6","58.7%","±1.2","19.7%","±1.8","43.0%","±6.4","38.0%","±0.6","50.7%","±0.8","19.4%","±1.9","37.4%","±5.2"
"        Now married, except separated","42.7%","±0.2","29.0%","±0.2","43.0%","±0.3","40.0%","±1.1","53.1%","±2.0","42.4%","±2.5","60.5%","±2.9","47.2%","±12.3","40.1%","±0.8","22.3%","±0.8","40.5%","±1.9","49.1%","±5.6","45.7%","±0.7","29.2%","±0.9","45.0%","±1.9","40.2%","±5.3","47.2%","±0.4","32.4%","±0.6","49.9%","±1.1","41.3%","±3.5","38.1%","±0.7","23.1%","±1.0","34.3%","±1.5","42.8%","±6.3","40.1%","±0.5","29.9%","±0.7","43.8%","±1.2","37.5%","±4.1","35.4%","±0.3","21.4%","±0.3","33.4%","±0.6","33.8%","±2.1","51.0%","±0.7","40.9%","±1.0","57.2%","±2.0","47.1%","±8.1","43.5%","±1.0","37.7%","±1.3","50.1%","±2.0","38.4%","±7.6","60.6%","±1.3","47.5%","±1.9","65.5%","±2.3","59.7%","±9.9","49.2%","±0.8","38.7%","±1.0","51.7%","±1.6","48.8%","±6.8","45.3%","±0.3","29.5%","±0.4","45.0%","±0.6","37.7%","±2.2","37.8%","±1.3","27.8%","±1.7","38.8%","±2.2","36.9%","±8.7","47.9%","±1.0","35.0%","±1.2","55.2%","±2.2","52.5%","±8.3","52.0%","±1.3","44.1%","±1.6","55.1%","±1.9","57.8%","±7.6","40.2%","±0.5","20.0%","±0.7","36.5%","±2.7","39.3%","±6.2","46.9%","±0.7","27.6%","±1.1","44.0%","±2.8","38.3%","±5.8","54.4%","±1.2","41.6%","±1.7","56.9%","±2.4","53.2%","±10.4","48.3%","±0.7","29.3%","±1.0","54.0%","±2.4","44.8%","±6.3","46.0%","±0.8","36.8%","±0.9","50.1%","±2.2","46.3%","±6.5"
"        Divorced or separated","10.6%","±0.1","8.5%","±0.1","14.8%","±0.2","11.5%","±0.7","11.0%","±1.1","9.5%","±1.7","13.5%","±1.8","9.1%","±6.6","10.0%","±0.4","8.0%","±0.6","18.7%","±1.5","11.9%","±3.2","10.4%","±0.4","8.8%","±0.5","17.6%","±1.4","10.2%","±3.3","9.6%","±0.2","8.4%","±0.3","14.5%","±0.8","14.2%","±2.8","13.3%","±0.4","10.1%","±0.6","24.0%","±1.4","11.4%","±3.7","11.6%","±0.3","9.7%","±0.4","17.6%","±1.0","12.7%","±2.8","10.8%","±0.2","7.9%","±0.2","13.5%","±0.4","11.3%","±1.4","11.4%","±0.4","10.0%","±0.7","15.9%","±1.2","9.5%","±3.9","10.0%","±0.5","7.6%","±0.5","18.0%","±1.5","21.0%","±5.8","9.3%","±0.7","8.6%","±1.1","12.5%","±1.6","6.5%","±4.3","9.9%","±0.4","8.2%","±0.5","12.9%","±1.0","8.7%","±3.5","10.8%","±0.2","8.5%","±0.3","14.4%","±0.5","10.6%","±1.7","14.4%","±0.9","12.6%","±1.5","14.7%","±1.5","18.6%","±7.4","11.1%","±0.6","9.3%","±0.7","17.4%","±1.7","7.0%","±4.0","11.9%","±0.8","10.1%","±1.0","13.6%","±1.2","12.2%","±5.8","8.8%","±0.3","5.9%","±0.4","16.8%","±2.3","16.7%","±4.6","8.6%","±0.4","7.6%","±0.6","15.2%","±2.1","11.4%","±4.3","9.7%","±0.6","8.9%","±0.8","12.1%","±1.4","12.2%","±7.3","9.5%","±0.4","9.0%","±0.6","13.9%","±1.6","8.0%","±2.6","10.1%","±0.5","9.0%","±0.5","14.2%","±1.7","12.4%","±4.5"
"        Widowed","4.9%","±0.1","2.4%","±0.1","8.5%","±0.1","4.2%","±0.4","4.3%","±0.6","2.8%","±0.8","6.4%","±1.3","0.0%","±4.0","5.3%","±0.3","2.1%","±0.3","17.4%","±1.5","2.4%","±1.4","5.0%","±0.3","2.2%","±0.3","13.0%","±1.2","7.0%","±2.4","5.3%","±0.2","2.7%","±0.2","12.7%","±0.7","4.6%","±1.4","4.9%","±0.3","2.0%","±0.3","11.9%","±1.2","2.3%","±1.7","4.6%","±0.2","1.9%","±0.2","9.7%","±0.7","6.1%","±2.1","4.5%","±0.1","2.1%","±0.1","6.1%","±0.2","3.8%","±0.8","4.0%","±0.3","1.8%","±0.2","7.6%","±0.8","3.2%","±2.3","4.6%","±0.4","3.0%","±0.4","9.9%","±1.2","2.8%","±2.2","5.9%","±0.5","3.8%","±0.6","9.6%","±1.2","2.6%","±2.3","5.3%","±0.3","2.9%","±0.4","8.5%","±0.7","5.0%","±3.6","5.2%","±0.1","2.2%","±0.1","7.9%","±0.4","4.0%","±1.0","4.3%","±0.6","2.2%","±0.6","4.5%","±0.8","3.3%","±3.4","4.6%","±0.4","2.2%","±0.3","11.0%","±1.4","5.4%","±4.4","3.7%","±0.4","2.3%","±0.4","4.3%","±0.6","4.6%","±2.9","4.4%","±0.2","1.5%","±0.2","14.9%","±2.1","5.9%","±3.1","6.7%","±0.3","3.8%","±0.4","12.4%","±1.6","4.8%","±2.6","5.9%","±0.4","3.4%","±0.5","11.1%","±1.3","4.9%","±3.7","5.6%","±0.3","3.0%","±0.4","12.4%","±1.6","4.1%","±2.7","5.9%","±0.3","3.5%","±0.3","16.3%","±1.4","3.9%","±2.1"
"EDUCATIONAL ATTAINMENT","","","","","","","","","","","","","","","","","","","","","","","","","","","","","","","","","","","","","","","","","","","","","","","","","","","","","","","","","","","","","","","","","","","","","","","","","","","","","","","","","","","","","","","","","","","","","","","","","","","","","","","","","","","","","","","","","","","","","","","","","","","","","","","","","","","","","","","","","","","","","","","","","","","","","","","","","","","","","","","","","","","","","","","",""
"    Population 25 years and over","6,845,489","*****","2,402,902","±9,879","1,191,456","±7,620","80,554","±1,823","45,766","±1,066","17,237","±887","17,594","±972","623","±155","220,833","±2,108","82,870","±2,158","27,333","±1,036","3,294","±475","274,408","±1,703","105,914","±1,946","25,626","±1,100","3,830","±443","637,489","±2,803","253,080","±2,879","70,314","±1,891","6,138","±562","246,580","±1,865","91,568","±2,066","40,855","±1,334","2,542","±381","385,855","±2,371","172,514","±2,211","74,720","±2,046","5,657","±594","1,788,575","±4,882","531,732","±4,979","387,679","±4,171","21,329","±1,026","169,896","±1,657","76,242","±1,519","40,822","±1,247","2,052","±306","120,348","±1,554","75,920","±1,995","24,436","±1,020","1,248","±260","66,955","±774","26,100","±921","18,640","±901","1,131","±229","198,697","±1,545","75,781","±1,942","48,566","±1,575","2,399","±336","1,298,445","±4,982","378,180","±4,507","233,962","±3,193","16,164","±986","72,393","±873","22,336","±1,162","29,163","±1,220","1,294","±266","132,097","±1,568","59,263","±1,366","23,748","±1,030","1,275","±237","102,255","±1,002","41,448","±1,151","38,820","±1,148","1,583","±277","299,482","±2,149","89,663","±1,775","9,723","±689","2,062","±344","234,730","±1,701","71,739","±1,753","12,599","±805","1,724","±258","105,057","±943","40,769","±1,283","23,016","±1,123","1,696","±383","228,926","±1,778","72,676","±1,695","20,799","±834","2,521","±400","216,702","±1,847","117,870","±1,919","23,041","±977","1,992","±331"
"        Less than high school graduate","21.3%","±0.1","9.5%","±0.1","6.0%","±0.1","14.6%","±0.8","2.6%","±0.6","2.0%","±0.9","1.5%","±0.6","0.8%","±2.3","32.7%","±0.8","15.5%","±0.9","14.4%","±1.4","31.2%","±6.2","22.8%","±0.7","10.4%","±0.6","14.4%","±1.5","18.0%","±5.0","19.6%","±0.4","9.6%","±0.4","9.1%","±0.7","18.3%","±3.6","24.7%","±0.6","10.4%","±0.8","9.6%","±1.0","18.3%","±5.4","18.7%","±0.6","7.4%","±0.4","6.4%","±0.6","12.3%","±3.3","23.8%","±0.2","10.0%","±0.3","5.0%","±0.2","12.1%","±1.4","9.8%","±0.5","5.7%","±0.5","3.5%","±0.5","11.4%","±6.6","17.7%","±1.0","16.7%","±1.3","9.7%","±1.4","8.3%","±4.9","4.9%","±0.7","3.9%","±1.0","1.7%","±0.7","1.6%","±2.1","9.5%","±0.6","4.2%","±0.5","3.2%","±0.5","2.7%","±1.7","18.2%","±0.2","8.0%","±0.3","4.5%","±0.3","13.5%","±2.0","5.2%","±0.5","3.2%","±0.9","1.4%","±0.5","3.4%","±4.0","24.0%","±0.9","14.7%","±1.1","10.1%","±1.4","15.5%","±7.4","3.1%","±0.5","3.3%","±0.8","1.6%","±0.5","4.5%","±5.5","49.8%","±0.7","19.1%","±1.0","34.5%","±3.3","43.0%","±6.9","23.7%","±0.6","9.3%","±0.7","10.4%","±2.0","20.8%","±6.4","5.8%","±0.5","4.4%","±0.7","3.5%","±0.8","7.1%","±4.4","23.8%","±0.7","8.7%","±0.7","7.6%","±1.2","18.7%","±5.3","18.6%","±0.6","9.2%","±0.6","12.0%","±1.3","22.7%","±6.5"
"        High school graduate (includes equivalency)","20.7%","±0.1","23.5%","±0.3","15.1%","±0.2","17.3%","±0.9","11.7%","±1.4","12.1%","±2.0","9.8%","±1.8","19.7%","±9.7","25.8%","±0.8","32.0%","±1.3","25.3%","±1.7","27.6%","±6.1","24.7%","±0.7","28.1%","±1.1","27.0%","±1.9","22.7%","±4.8","23.8%","±0.4","27.2%","±0.7","22.1%","±0.9","20.4%","±3.4","24.1%","±0.6","25.8%","±1.1","23.4%","±1.3","22.1%","±5.4","18.9%","±0.6","20.6%","±0.7","16.9%","±1.1","17.0%","±3.3","18.0%","±0.2","20.6%","±0.4","11.5%","±0.4","13.4%","±1.5","18.2%","±0.7","19.9%","±1.2","17.0%","±1.3","12.7%","±4.8","30.2%","±1.2","33.2%","±1.6","25.7%","±1.7","17.9%","±6.0","12.7%","±1.0","16.0%","±2.1","9.6%","±1.5","5.2%","±3.7","13.2%","±0.7","13.4%","±1.0","9.4%","±0.9","12.8%","±5.1","20.7%","±0.3","21.6%","±0.5","14.7%","±0.5","18.2%","±2.5","8.3%","±0.7","8.1%","±1.4","5.8%","±1.0","2.5%","±2.4","25.0%","±0.9","28.3%","±1.5","22.6%","±1.9","19.1%","±6.8","9.3%","±0.7","10.1%","±1.2","7.2%","±0.8","7.7%","±4.4","24.3%","±0.6","32.2%","±1.2","25.4%","±2.6","25.8%","±5.5","25.3%","±0.7","25.4%","±1.2","20.4%","±2.2","21.8%","±5.8","16.0%","±0.9","15.1%","±1.3","16.2%","±1.8","16.3%","±6.9","22.1%","±0.7","25.9%","±1.3","19.6%","±1.7","20.5%","±4.9","28.6%","±0.8","31.2%","±1.1","25.2%","±1.7","26.4%","±5.9"
"        Some college or associate's degree","26.2%","±0.1","35.3%","±0.3","28.6%","±0.3","27.8%","±0.9","23.1%","±1.4","25.6%","±2.3","22.8%","±2.4","16.7%","±9.8","26.5%","±0.7","36.6%","±1.2","40.3%","±2.0","20.6%","±4.6","29.3%","±0.7","39.5%","±1.2","34.9%","±1.9","32.8%","±5.3","28.4%","±0.4","37.9%","±0.6","33.6%","±1.0","28.2%","±3.6","31.4%","±0.7","41.8%","±1.2","39.1%","±1.6","32.6%","±6.7","32.2%","±0.6","39.4%","±0.8","34.9%","±1.2","35.6%","±4.3","22.3%","±0.2","31.4%","±0.5","24.3%","±0.5","24.1%","±1.7","35.5%","±0.9","41.7%","±1.4","35.8%","±1.6","34.3%","±7.0","36.2%","±1.1","38.5%","±1.4","38.9%","±2.1","46.2%","±7.7","23.1%","±1.2","26.9%","±2.0","22.1%","±2.0","30.5%","±9.3","23.2%","±0.8","29.1%","±1.3","22.4%","±1.3","20.1%","±5.3","26.9%","±0.3","34.7%","±0.6","29.5%","±0.7","30.4%","±2.5","19.0%","±1.1","22.1%","±2.4","16.6%","±1.4","20.2%","±8.4","34.1%","±0.8","40.8%","±1.5","40.0%","±1.8","34.7%","±9.3","23.0%","±1.1","28.5%","±2.0","18.3%","±1.4","18.3%","±6.8","18.5%","±0.5","35.5%","±1.1","27.7%","±3.0","21.0%","±5.9","23.2%","±0.6","33.9%","±1.1","29.5%","±2.4","25.3%","±6.8","27.6%","±1.0","34.2%","±1.6","28.6%","±1.9","29.5%","±8.1","23.9%","±0.7","35.0%","±1.3","29.8%","±2.5","23.9%","±5.7","31.7%","±0.8","37.7%","±1.2","35.2%","±2.0","30.4%","±6.2"
"        Bachelor's degree","20.7%","±0.1","21.2%","±0.2","30.2%","±0.3","26.5%","±1.0","35.5%","±1.8","37.4%","±2.9","37.5%","±2.5","38.5%","±12.9","11.2%","±0.5","11.3%","±0.9","12.7%","±1.5","16.4%","±5.4","16.2%","±0.5","15.4%","±0.8","13.2%","±1.4","18.1%","±3.6","19.3%","±0.3","17.4%","±0.6","19.1%","±1.0","23.2%","±3.6","14.3%","±0.5","15.9%","±0.9","18.2%","±1.1","19.9%","±5.4","19.7%","±0.5","21.6%","±0.8","24.2%","±1.0","26.5%","±4.0","22.9%","±0.2","25.0%","±0.5","36.2%","±0.5","31.0%","±2.0","24.6%","±0.6","22.4%","±1.1","28.2%","±1.5","25.0%","±6.2","10.1%","±0.6","7.6%","±0.7","15.5%","±1.6","19.8%","±6.1","32.5%","±1.2","31.5%","±2.0","33.1%","±2.4","37.7%","±10.6","28.6%","±0.8","30.1%","±1.1","31.6%","±1.4","35.8%","±6.2","22.9%","±0.3","24.3%","±0.5","33.2%","±0.7","27.1%","±2.6","38.8%","±1.7","40.0%","±2.7","43.0%","±2.4","48.3%","±10.3","11.3%","±0.5","11.0%","±0.9","16.4%","±1.4","21.6%","±7.7","38.9%","±1.1","37.0%","±1.6","43.0%","±1.8","32.0%","±7.7","5.7%","±0.3","10.3%","±0.6","7.4%","±1.5","5.7%","±2.9","19.9%","±0.6","21.7%","±1.1","22.4%","±2.2","25.4%","±6.2","33.2%","±0.9","32.8%","±1.6","30.4%","±2.0","28.4%","±8.3","20.0%","±0.7","20.4%","±1.0","25.3%","±2.4","25.0%","±5.3","14.2%","±0.5","15.0%","±0.7","16.7%","±1.7","16.0%","±4.2"
"        Graduate or professional degree","11.1%","±0.1","10.6%","±0.1","20.0%","±0.3","13.8%","±0.8","27.0%","±1.8","22.9%","±2.5","28.4%","±2.5","24.2%","±11.7","3.9%","±0.3","4.6%","±0.6","7.3%","±1.1","4.3%","±2.4","7.1%","±0.3","6.5%","±0.5","10.6%","±1.3","8.4%","±2.8","8.9%","±0.2","7.9%","±0.3","16.0%","±0.9","9.8%","±2.4","5.6%","±0.4","6.2%","±0.6","9.8%","±1.1","7.0%","±3.0","10.6%","±0.4","10.9%","±0.5","17.5%","±0.8","8.6%","±2.5","13.0%","±0.2","12.9%","±0.3","23.1%","±0.5","19.3%","±1.9","11.8%","±0.6","10.3%","±0.8","15.4%","±1.3","16.7%","±5.0","5.8%","±0.5","3.9%","±0.5","10.2%","±1.2","7.9%","±3.8","26.8%","±1.3","21.6%","±2.0","33.4%","±2.4","25.0%","±7.5","25.6%","±0.6","23.2%","±0.9","33.4%","±1.4","28.6%","±6.8","11.2%","±0.2","11.5%","±0.3","18.0%","±0.6","10.8%","±1.6","28.8%","±1.4","26.6%","±2.4","33.2%","±2.2","25.6%","±7.3","5.6%","±0.4","5.1%","±0.6","10.9%","±1.4","9.0%","±4.7","25.7%","±0.9","21.0%","±1.4","29.8%","±1.6","37.5%","±8.2","1.7%","±0.2","2.9%","±0.4","4.9%","±1.2","4.5%","±3.0","7.9%","±0.4","9.7%","±0.7","17.2%","±2.2","6.7%","±3.1","17.4%","±0.9","13.6%","±1.3","21.3%","±1.5","18.6%","±6.2","10.2%","±0.5","10.1%","±0.9","17.6%","±1.7","11.9%","±3.9","6.9%","±0.4","6.9%","±0.6","11.0%","±1.4","4.5%","±3.2"
"INDIVIDUALS' INCOME IN THE PAST 12 MONTHS (IN 2018 INFLATION-ADJUSTED DOLLARS)","","","","","","","","","","","","","","","","","","","","","","","","","","","","","","","","","","","","","","","","","","","","","","","","","","","","","","","","","","","","","","","","","","","","","","","","","","","","","","","","","","","","","","","","","","","","","","","","","","","","","","","","","","","","","","","","","","","","","","","","","","","","","","","","","","","","","","","","","","","","","","","","","","","","","","","","","","","","","","","","","","","","","","","",""
"    Population 15 years and over","8,238,808","*****","3,484,094","±10,932","1,280,086","±8,091","96,249","±2,039","55,178","±1,105","23,909","±1,126","19,082","±1,047","858","±179","276,034","±2,141","129,548","±2,603","28,414","±1,050","3,985","±559","335,208","±1,624","156,925","±2,498","27,253","±1,118","4,727","±544","782,727","±2,735","372,186","±3,246","77,238","±2,040","7,426","±628","296,679","±2,274","132,180","±2,399","42,645","±1,431","2,940","±407","467,862","±2,010","240,373","±2,546","78,244","±2,022","6,606","±610","2,155,061","±5,547","790,535","±5,281","423,617","±4,599","25,377","±1,190","206,153","±1,780","105,797","±1,640","43,912","±1,390","2,586","±339","147,769","±1,668","100,775","±2,094","25,922","±1,091","1,402","±285","77,071","±742","34,603","±1,080","19,290","±923","1,314","±257","228,556","±1,769","97,771","±2,170","51,509","±1,602","2,760","±362","1,538,569","±5,109","552,987","±5,338","251,067","±3,266","19,690","±1,231","80,689","±579","27,492","±1,304","30,749","±1,253","1,412","±286","164,950","±1,861","88,143","±1,764","25,168","±1,154","1,605","±257","113,921","±983","50,684","±1,290","40,552","±1,289","1,651","±276","380,768","±2,269","158,131","±2,238","10,635","±740","2,488","±354","273,833","±1,561","100,791","±2,041","13,484","±856","2,105","±308","121,128","±744","53,766","±1,605","24,107","±1,190","1,993","±437","271,261","±1,993","106,106","±1,926","22,034","±893","3,086","±503","265,391","±1,917","161,392","±2,267","25,164","±1,047","2,238","±346"
"        $1 to $9,999 or loss","14.2%","±0.1","15.2%","±0.1","10.7%","±0.2","14.9%","±0.7","13.3%","±1.1","15.5%","±1.7","10.8%","±1.7","9.2%","±6.6","15.2%","±0.5","17.0%","±0.7","14.1%","±1.3","13.4%","±3.9","13.3%","±0.5","13.5%","±0.6","13.1%","±1.2","13.9%","±3.1","15.4%","±0.2","16.7%","±0.4","13.5%","±0.7","16.5%","±2.3","15.1%","±0.5","16.3%","±0.8","13.2%","±1.2","19.7%","±4.4","12.6%","±0.3","13.2%","±0.5","9.7%","±0.6","13.0%","±2.6","14.6%","±0.2","16.4%","±0.3","10.8%","±0.3","15.8%","±1.6","13.1%","±0.5","15.2%","±0.8","10.3%","±1.0","13.7%","±5.1","12.4%","±0.6","11.6%","±0.8","13.8%","±1.4","7.7%","±3.1","11.8%","±0.8","15.5%","±1.2","8.6%","±1.3","9.4%","±5.4","12.8%","±0.5","13.9%","±0.7","9.6%","±0.9","14.2%","±3.9","14.2%","±0.2","15.2%","±0.4","9.8%","±0.4","14.4%","±1.8","11.2%","±0.9","13.5%","±1.7","7.3%","±1.2","13.6%","±6.7","13.7%","±0.6","14.6%","±0.8","12.0%","±1.3","12.6%","±8.4","9.4%","±0.5","11.5%","±0.8","6.5%","±0.9","10.4%","±5.1","16.1%","±0.4","16.1%","±0.6","18.9%","±2.1","21.1%","±5.7","15.9%","±0.4","14.6%","±0.7","13.3%","±2.1","16.5%","±3.9","12.2%","±0.8","14.3%","±1.2","8.1%","±1.1","15.1%","±4.7","14.1%","±0.4","14.5%","±0.8","10.9%","±1.2","15.0%","±4.3","12.5%","±0.4","12.3%","±0.5","12.5%","±1.2","16.0%","±5.8"
"        $10,000 to $14,999","9.5%","±0.1","8.2%","±0.1","8.3%","±0.2","8.8%","±0.8","5.9%","±0.7","6.6%","±1.2","5.2%","±1.3","3.0%","±3.4","10.4%","±0.5","9.4%","±0.6","14.2%","±1.4","9.7%","±3.8","9.3%","±0.4","8.5%","±0.6","11.7%","±1.3","9.9%","±3.4","9.2%","±0.2","8.2%","±0.3","9.5%","±0.8","7.0%","±2.0","10.5%","±0.4","9.5%","±0.7","11.7%","±1.1","8.5%","±3.3","9.4%","±0.3","8.1%","±0.4","9.5%","±0.7","10.6%","±3.1","10.1%","±0.1","8.6%","±0.2","8.1%","±0.3","8.5%","±1.3","7.3%","±0.4","6.6%","±0.6","6.7%","±0.9","10.6%","±4.7","7.2%","±0.5","6.2%","±0.6","9.4%","±1.1","6.0%","±3.5","5.7%","±0.5","5.6%","±0.8","5.0%","±0.8","7.2%","±6.2","7.8%","±0.5","7.1%","±0.6","7.1%","±0.9","4.2%","±2.1","9.7%","±0.2","8.2%","±0.3","7.4%","±0.3","9.5%","±1.6","6.7%","±0.7","5.9%","±1.3","5.7%","±0.9","5.4%","±4.1","9.7%","±0.5","8.9%","±0.8","10.1%","±1.3","12.0%","±5.1","4.6%","±0.4","4.7%","±0.6","3.8%","±0.7","2.8%","±2.3","12.1%","±0.4","9.8%","±0.5","13.6%","±2.2","16.5%","±4.9","11.0%","±0.4","8.1%","±0.5","10.5%","±1.7","8.0%","±3.5","6.5%","±0.5","5.8%","±0.6","6.2%","±1.0","10.4%","±5.3","9.6%","±0.4","7.5%","±0.6","9.6%","±1.4","9.4%","±4.2","9.2%","±0.4","8.3%","±0.5","9.9%","±1.1","6.1%","±3.2"
"        $15,000 to $24,999","13.5%","±0.1","11.4%","±0.1","11.8%","±0.2","11.4%","±0.7","7.6%","±0.8","7.0%","±1.2","7.6%","±1.3","16.3%","±8.3","14.8%","±0.5","12.5%","±0.7","15.5%","±1.3","11.7%","±2.8","13.1%","±0.4","11.4%","±0.6","14.2%","±1.3","12.8%","±3.3","13.4%","±0.3","11.9%","±0.4","14.5%","±0.8","12.4%","±2.8","15.7%","±0.5","12.8%","±0.7","15.1%","±1.1","9.2%","±3.7","12.9%","±0.3","11.5%","±0.5","12.5%","±0.8","11.4%","±3.0","14.7%","±0.2","12.0%","±0.2","10.9%","±0.4","11.3%","±1.4","9.6%","±0.4","8.3%","±0.5","10.1%","±1.0","8.7%","±4.1","10.5%","±0.6","9.6%","±0.7","11.6%","±1.1","8.8%","±4.2","9.0%","±1.0","8.3%","±1.0","10.1%","±1.7","10.0%","±7.4","10.0%","±0.4","9.1%","±0.6","10.1%","±0.9","10.4%","±4.2","13.1%","±0.2","11.2%","±0.3","12.3%","±0.5","12.3%","±1.5","9.4%","±0.8","8.7%","±1.4","8.2%","±1.3","4.3%","±2.8","11.8%","±0.6","11.1%","±0.7","13.3%","±1.3","10.6%","±4.8","7.4%","±0.7","7.7%","±1.0","6.4%","±0.7","4.1%","±3.5","17.6%","±0.4","13.8%","±0.6","16.1%","±2.3","16.8%","±3.9","14.8%","±0.5","13.1%","±0.9","15.5%","±1.7","11.4%","±3.8","9.3%","±0.6","8.6%","±0.8","11.3%","±1.3","6.2%","±3.2","14.6%","±0.4","12.7%","±0.7","13.5%","±1.4","11.5%","±3.7","12.5%","±0.5","10.8%","±0.5","16.2%","±1.6","14.9%","±5.1"
"        $25,000 to $34,999","10.2%","±0.1","9.5%","±0.1","9.6%","±0.2","8.6%","±0.6","7.4%","±0.8","6.6%","±1.2","7.9%","±1.4","5.0%","±5.0","11.5%","±0.5","9.7%","±0.7","11.8%","±1.3","10.7%","±3.9","11.2%","±0.4","10.9%","±0.6","11.7%","±1.1","5.7%","±2.2","10.6%","±0.2","10.2%","±0.4","10.3%","±0.6","7.5%","±1.9","11.9%","±0.4","11.1%","±0.6","9.7%","±0.9","12.2%","±4.2","10.5%","±0.3","9.8%","±0.4","9.9%","±0.7","9.7%","±2.5","10.2%","±0.1","9.3%","±0.2","9.4%","±0.3","8.3%","±1.1","8.5%","±0.5","8.2%","±0.6","8.7%","±0.8","3.7%","±1.9","8.8%","±0.6","8.4%","±0.8","9.3%","±1.3","14.2%","±6.6","7.1%","±0.7","6.3%","±1.0","7.8%","±1.2","3.2%","±2.3","8.3%","±0.3","8.0%","±0.6","7.7%","±0.7","7.0%","±3.9","10.1%","±0.2","9.1%","±0.2","10.6%","±0.4","10.1%","±1.6","7.1%","±0.7","6.7%","±1.2","6.2%","±1.0","8.4%","±6.1","9.7%","±0.5","9.3%","±0.8","9.6%","±1.0","4.7%","±2.5","6.7%","±0.6","6.7%","±0.9","7.2%","±0.9","4.6%","±3.6","12.4%","±0.3","12.3%","±0.5","13.7%","±2.0","9.5%","±3.1","10.0%","±0.4","9.6%","±0.7","10.5%","±1.7","10.4%","±4.4","8.6%","±0.5","9.4%","±0.8","8.8%","±1.4","5.9%","±3.2","10.4%","±0.4","9.8%","±0.7","8.7%","±1.1","8.2%","±2.8","10.5%","±0.4","10.3%","±0.6","10.9%","±1.2","10.5%","±4.0"
"        $35,000 to $49,999","9.9%","±0.1","9.9%","±0.1","10.6%","±0.2","10.2%","±0.6","7.6%","±0.8","7.0%","±1.3","7.7%","±1.4","11.8%","±7.4","10.7%","±0.4","10.0%","±0.6","10.5%","±1.1","12.1%","±4.0","11.1%","±0.4","10.7%","±0.6","11.9%","±1.2","10.5%","±3.1","10.2%","±0.2","9.9%","±0.3","10.9%","±0.7","8.9%","±1.8","11.4%","±0.4","11.0%","±0.7","13.1%","±1.0","15.4%","±5.1","10.5%","±0.3","10.6%","±0.4","10.7%","±0.7","10.8%","±2.3","9.4%","±0.2","9.3%","±0.3","10.8%","±0.3","11.8%","±1.4","9.7%","±0.4","9.5%","±0.6","9.6%","±0.8","8.3%","±3.7","10.9%","±0.6","11.3%","±0.8","10.9%","±1.3","5.8%","±3.3","8.1%","±0.6","7.9%","±1.0","8.1%","±1.2","5.3%","±3.2","8.5%","±0.4","8.6%","±0.6","8.3%","±0.8","6.3%","±2.6","10.1%","±0.2","10.0%","±0.3","11.3%","±0.4","8.9%","±1.3","8.2%","±0.7","8.0%","±1.2","8.8%","±1.3","6.9%","±4.1","9.8%","±0.5","8.7%","±0.6","9.2%","±1.1","9.9%","±5.1","8.3%","±0.6","8.1%","±0.9","7.4%","±0.8","12.7%","±7.3","9.6%","±0.3","9.6%","±0.4","10.3%","±1.6","9.4%","±3.7","9.8%","±0.4","10.6%","±0.6","10.0%","±1.4","9.4%","±3.4","9.8%","±0.7","9.8%","±1.0","10.8%","±1.3","10.0%","±4.4","9.6%","±0.4","9.8%","±0.8","10.9%","±1.3","10.4%","±3.6","11.7%","±0.4","11.8%","±0.6","10.6%","±1.3","9.5%","±3.2"
"        $50,000 to $64,999","7.2%","±0.1","7.2%","±0.1","9.3%","±0.2","8.2%","±0.6","6.9%","±0.9","7.1%","±1.3","6.3%","±1.1","4.0%","±5.3","6.3%","±0.3","6.1%","±0.5","8.7%","±1.0","5.4%","±2.3","8.0%","±0.3","7.9%","±0.5","9.9%","±1.0","8.5%","±2.8","7.5%","±0.2","7.2%","±0.3","8.5%","±0.6","9.0%","±2.5","7.5%","±0.4","7.6%","±0.6","9.8%","±1.0","12.8%","±4.8","8.4%","±0.3","8.4%","±0.4","10.4%","±0.6","8.6%","±1.9","6.7%","±0.1","6.9%","±0.2","9.7%","±0.3","8.4%","±1.1","8.1%","±0.4","7.8%","±0.6","8.7%","±0.8","9.3%","±4.5","6.6%","±0.4","6.1%","±0.5","8.2%","±1.0","5.9%","±3.9","7.5%","±0.6","6.7%","±0.8","7.1%","±1.1","13.2%","±7.1","7.9%","±0.4","8.2%","±0.5","8.7%","±0.7","8.9%","±3.3","7.7%","±0.1","7.6%","±0.2","9.7%","±0.4","8.5%","±1.4","8.9%","±0.8","9.7%","±1.6","9.0%","±1.3","5.1%","±4.0","5.9%","±0.4","5.2%","±0.4","7.4%","±1.0","8.4%","±4.2","8.4%","±0.6","8.7%","±1.0","8.8%","±0.9","5.7%","±3.4","4.4%","±0.2","4.6%","±0.3","4.7%","±1.2","4.5%","±2.6","6.7%","±0.2","7.7%","±0.6","8.0%","±1.4","7.6%","±3.3","8.7%","±0.6","8.8%","±0.8","9.8%","±1.3","8.3%","±4.6","6.5%","±0.3","6.6%","±0.5","9.3%","±1.2","4.8%","±2.2","8.1%","±0.4","8.2%","±0.5","8.4%","±1.0","9.7%","±4.1"
"        $65,000 to $74,999","3.0%","±0.1","3.1%","±0.1","4.5%","±0.1","3.6%","±0.4","3.3%","±0.5","3.5%","±0.8","3.2%","±0.8","3.0%","±3.9","2.5%","±0.2","2.5%","±0.3","4.0%","±0.8","2.8%","±1.7","3.1%","±0.2","3.1%","±0.3","3.9%","±0.7","4.2%","±2.1","3.0%","±0.1","3.0%","±0.2","4.2%","±0.4","4.4%","±1.3","2.7%","±0.2","2.7%","±0.3","4.1%","±0.6","3.4%","±2.3","3.3%","±0.2","3.4%","±0.2","4.5%","±0.4","2.4%","±1.2","2.8%","±0.1","2.8%","±0.1","4.6%","±0.2","3.6%","±0.7","3.8%","±0.3","3.6%","±0.3","4.6%","±0.6","3.4%","±2.2","2.7%","±0.3","2.5%","±0.4","3.6%","±0.7","8.3%","±5.1","3.7%","±0.5","3.3%","±0.7","4.1%","±1.2","2.4%","±3.6","3.7%","±0.3","4.0%","±0.4","4.8%","±0.7","3.4%","±2.5","3.3%","±0.1","3.3%","±0.2","4.7%","±0.3","4.2%","±1.1","4.3%","±0.5","4.8%","±1.0","5.1%","±1.0","0.6%","±1.0","3.4%","±0.3","3.0%","±0.3","5.3%","±1.0","2.2%","±2.9","5.0%","±0.5","5.4%","±0.8","4.6%","±0.8","4.6%","±3.2","1.4%","±0.1","1.4%","±0.2","1.8%","±0.7","1.8%","±1.2","2.7%","±0.2","3.1%","±0.4","4.5%","±1.3","1.3%","±1.3","4.1%","±0.4","4.0%","±0.8","4.3%","±0.8","3.3%","±2.6","3.0%","±0.2","3.2%","±0.4","4.5%","±0.9","3.7%","±2.4","3.5%","±0.3","3.3%","±0.3","4.1%","±0.6","1.8%","±1.5"
"        $75,000 or more","14.3%","±0.1","13.1%","±0.1","27.6%","±0.2","18.6%","±0.8","33.7%","±1.2","27.5%","±2.0","43.7%","±2.3","27.2%","±10.8","6.8%","±0.4","6.5%","±0.5","12.2%","±1.2","7.3%","±3.1","10.3%","±0.4","9.2%","±0.5","15.1%","±1.3","11.5%","±3.1","12.1%","±0.2","11.2%","±0.3","19.8%","±0.8","15.8%","±2.9","8.2%","±0.3","8.3%","±0.5","15.9%","±1.1","8.6%","±3.3","15.0%","±0.3","15.1%","±0.4","25.3%","±1.0","19.1%","±3.1","14.6%","±0.2","13.3%","±0.3","28.9%","±0.4","20.2%","±1.8","23.4%","±0.7","21.5%","±0.9","32.6%","±1.6","26.6%","±5.6","9.3%","±0.5","6.7%","±0.5","18.5%","±1.5","13.5%","±4.7","31.1%","±0.9","27.2%","±1.4","40.3%","±1.8","35.3%","±9.5","25.7%","±0.7","23.1%","±0.8","36.0%","±1.2","35.7%","±5.7","15.3%","±0.2","14.2%","±0.3","27.0%","±0.6","17.5%","±1.8","34.6%","±1.2","30.9%","±2.2","43.7%","±2.1","42.4%","±10.2","12.1%","±0.4","11.3%","±0.7","22.3%","±1.7","14.6%","±5.5","38.3%","±1.1","32.6%","±1.7","47.0%","±1.4","46.7%","±8.9","2.7%","±0.2","2.8%","±0.3","6.4%","±1.4","3.9%","±2.1","10.0%","±0.4","10.7%","±0.6","20.8%","±2.3","14.9%","±4.5","25.8%","±1.0","22.4%","±1.3","33.5%","±1.9","24.1%","±6.9","12.4%","±0.4","11.5%","±0.6","25.1%","±1.7","15.3%","±4.7","12.1%","±0.5","12.3%","±0.6","18.2%","±1.5","11.6%","±3.8"
"        Median income (dollars)","27,856","±149","28,780","±223","42,177","±280","32,458","±1,233","51,970","±2,736","44,679","±4,187","66,934","±7,760","39,909","±21,730","23,818","±525","22,889","±839","26,074","±1,128","26,241","±3,735","27,706","±658","28,195","±1,099","30,790","±1,109","27,316","±7,875","26,877","±240","26,683","±333","32,179","±936","30,050","±4,880","25,119","±410","25,817","±703","30,950","±1,432","30,218","±6,980","30,587","±370","31,602","±461","41,360","±1,209","32,826","±4,487","26,472","±149","26,811","±250","44,059","±791","35,023","±2,176","39,705","±1,427","37,428","±1,433","50,447","±2,683","45,379","±13,190","30,626","±944","30,919","±1,424","33,388","±1,767","33,185","±10,657","50,473","±1,454","42,940","±2,747","63,092","±4,306","54,375","±10,932","40,672","±839","39,272","±1,719","55,192","±2,653","51,597","±5,682","29,234","±343","29,990","±462","42,199","±579","30,898","±1,822","54,022","±1,636","52,414","±3,687","69,355","±4,375","63,611","±48,003","27,095","±547","26,271","±761","34,266","±3,090","28,264","±16,697","63,844","±1,598","55,986","±3,650","77,819","±2,792","80,077","±20,504","20,407","±214","21,494","±396","20,650","±1,561","16,966","±2,959","23,867","±516","27,719","±1,392","31,418","±1,540","27,164","±4,688","42,808","±1,751","40,093","±1,665","51,528","±2,863","40,818","±10,289","26,206","±356","27,432","±1,100","39,477","±2,141","27,439","±6,094","30,132","±583","31,218","±542","30,852","±1,407","27,175","±5,399"
"POVERTY STATUS IN THE PAST 12 MONTHS","","","","","","","","","","","","","","","","","","","","","","","","","","","","","","","","","","","","","","","","","","","","","","","","","","","","","","","","","","","","","","","","","","","","","","","","","","","","","","","","","","","","","","","","","","","","","","","","","","","","","","","","","","","","","","","","","","","","","","","","","","","","","","","","","","","","","","","","","","","","","","","","","","","","","","","","","","","","","","","","","","","","","","","",""
"    Population for whom poverty status is determined","9,947,799","±2,702","5,089,741","±12,015","1,311,755","±8,584","115,735","±2,489","61,945","±860","30,365","±1,136","19,174","±1,118","1,089","±253","346,675","±1,953","197,339","±2,470","28,734","±1,030","4,824","±675","415,237","±773","232,971","±2,434","28,121","±1,219","5,506","±583","937,341","±3,210","521,053","±3,946","77,300","±2,070","9,281","±820","372,299","±2,296","203,262","±2,930","44,196","±1,429","3,773","±470","570,151","±639","337,619","±2,669","80,431","±2,114","7,633","±667","2,543,269","±5,899","1,160,798","±6,585","427,189","±4,580","29,113","±1,294","253,705","±1,596","150,400","±1,819","45,904","±1,492","2,944","±401","184,377","±1,702","137,343","±2,137","25,918","±1,153","1,659","±312","91,807","±365","47,653","±1,190","20,115","±967","1,615","±298","271,572","±1,773","137,043","±2,253","53,074","±1,627","3,341","±449","1,843,478","±6,257","829,091","±6,445","260,629","±3,484","24,460","±1,355","91,213","±167","36,787","±1,362","31,513","±1,250","1,621","±352","213,877","±1,959","133,996","±2,343","26,703","±1,200","2,102","±350","139,451","±170","72,684","±1,420","42,987","±1,287","2,055","±334","495,905","±2,672","267,188","±3,129","11,986","±846","3,319","±430","320,850","±1,227","144,382","±2,375","13,892","±847","2,849","±408","145,494","±262","74,584","±1,834","25,610","±1,277","2,146","±443","329,321","±1,273","159,745","±2,166","23,267","±936","3,793","±538","319,832","±2,024","215,438","±2,293","25,012","±1,126","2,612","±370"
"        Below 100 percent of the poverty level","16.0%","±0.2","16.4%","±0.2","11.0%","±0.2","11.7%","±0.7","6.3%","±1.2","6.5%","±1.6","6.1%","±1.8","9.3%","±5.9","18.0%","±0.9","20.0%","±1.2","16.2%","±1.9","11.5%","±3.9","12.0%","±0.6","11.9%","±0.7","12.0%","±1.3","10.3%","±3.5","11.8%","±0.4","11.7%","±0.5","8.6%","±0.6","9.3%","±1.8","17.7%","±0.9","18.3%","±1.1","14.3%","±1.4","12.0%","±3.5","16.5%","±0.6","16.8%","±0.7","11.4%","±0.6","13.7%","±3.4","21.2%","±0.3","22.8%","±0.4","13.6%","±0.5","15.1%","±1.7","8.2%","±0.8","8.2%","±0.9","4.9%","±0.7","4.2%","±2.1","23.3%","±1.2","25.9%","±1.5","14.9%","±2.0","12.6%","±5.8","6.5%","±1.0","6.0%","±1.1","6.1%","±1.3","4.3%","±3.9","11.6%","±0.9","10.8%","±1.1","8.1%","±1.0","9.4%","±4.5","14.3%","±0.3","14.2%","±0.4","10.0%","±0.5","10.6%","±1.6","10.4%","±1.0","9.4%","±1.4","8.4%","±1.5","14.4%","±7.4","16.2%","±1.2","17.3%","±1.3","12.0%","±1.5","11.4%","±5.8","4.7%","±0.6","4.4%","±0.8","4.7%","±0.8","5.2%","±2.7","23.4%","±0.7","24.5%","±0.9","23.4%","±3.0","19.0%","±6.0","13.7%","±0.6","12.0%","±0.9","11.5%","±2.0","10.9%","±4.0","7.0%","±0.8","6.5%","±1.1","4.9%","±0.9","7.1%","±5.2","14.3%","±0.8","15.0%","±1.2","8.0%","±1.3","9.8%","±3.1","9.9%","±0.6","9.6%","±0.7","9.1%","±1.3","6.5%","±2.6"
"        100 to 149 percent of the poverty level","10.7%","±0.1","10.3%","±0.2","6.2%","±0.2","8.5%","±0.7","3.1%","±0.8","3.2%","±1.1","2.4%","±1.0","6.2%","±4.1","13.2%","±0.8","13.6%","±0.9","9.3%","±1.1","14.1%","±4.7","10.2%","±0.6","9.8%","±0.8","8.8%","±1.0","9.0%","±3.0","9.5%","±0.4","9.1%","±0.5","6.9%","±0.8","8.0%","±2.6","13.0%","±0.8","13.1%","±1.0","8.5%","±1.1","9.8%","±4.6","10.1%","±0.6","9.5%","±0.6","7.0%","±0.7","8.5%","±2.4","11.9%","±0.3","11.9%","±0.4","6.4%","±0.3","9.1%","±1.3","5.1%","±0.6","4.7%","±0.6","3.4%","±0.6","4.2%","±4.4","10.7%","±1.1","11.3%","±1.4","8.6%","±1.7","9.8%","±5.7","3.0%","±0.8","3.2%","±1.0","2.4%","±1.2","6.0%","±5.8","6.7%","±0.6","5.9%","±0.7","5.2%","±0.7","5.7%","±3.3","10.0%","±0.3","9.4%","±0.4","5.6%","±0.4","8.2%","±1.5","5.9%","±0.9","5.7%","±1.2","4.8%","±1.2","8.7%","±7.9","12.3%","±1.2","12.3%","±1.3","9.0%","±1.5","12.3%","±7.0","2.8%","±0.6","2.7%","±0.8","2.4%","±0.6","1.8%","±2.3","16.8%","±0.6","16.4%","±0.8","13.3%","±2.5","10.6%","±3.7","13.8%","±0.9","12.0%","±1.0","9.2%","±1.5","11.0%","±5.2","4.9%","±0.7","3.9%","±0.7","4.9%","±1.1","2.9%","±2.9","11.1%","±0.7","10.7%","±0.9","6.0%","±1.4","8.8%","±4.1","8.8%","±0.6","8.2%","±0.7","6.1%","±1.1","6.0%","±2.9"
"        At or above 150 percent of the poverty level","73.3%","±0.2","73.3%","±0.3","82.8%","±0.3","79.8%","±1.0","90.6%","±1.4","90.3%","±1.9","91.5%","±1.9","84.6%","±7.2","68.8%","±1.0","66.4%","±1.1","74.4%","±2.1","74.3%","±5.6","77.9%","±0.9","78.3%","±1.0","79.2%","±1.6","80.7%","±4.3","78.7%","±0.6","79.2%","±0.7","84.5%","±1.0","82.7%","±3.2","69.3%","±0.9","68.6%","±1.2","77.2%","±1.8","78.2%","±5.2","73.5%","±0.7","73.7%","±0.9","81.6%","±0.9","77.8%","±3.9","66.9%","±0.3","65.3%","±0.5","80.0%","±0.5","75.8%","±1.9","86.8%","±1.0","87.1%","±1.1","91.6%","±0.9","91.6%","±4.7","66.0%","±1.3","62.8%","±1.6","76.5%","±2.4","77.6%","±8.1","90.4%","±1.2","90.8%","±1.4","91.5%","±1.7","89.7%","±6.7","81.6%","±0.9","83.4%","±1.1","86.7%","±1.1","84.9%","±5.7","75.7%","±0.4","76.3%","±0.5","84.4%","±0.6","81.2%","±2.2","83.7%","±1.2","84.9%","±1.7","86.8%","±1.8","76.9%","±9.5","71.4%","±1.4","70.4%","±1.7","79.0%","±2.0","76.3%","±8.4","92.5%","±0.8","92.8%","±1.0","92.9%","±1.1","93.0%","±3.4","59.8%","±0.8","59.0%","±0.9","63.3%","±3.6","70.4%","±6.6","72.5%","±1.0","76.0%","±1.2","79.3%","±2.6","78.1%","±6.3","88.1%","±1.1","89.7%","±1.2","90.1%","±1.5","89.9%","±6.0","74.6%","±0.9","74.3%","±1.1","86.0%","±1.7","81.4%","±5.4","81.4%","±0.9","82.2%","±1.0","84.8%","±1.7","87.4%","±4.1"
"PERCENT ALLOCATED","","","","","","","","","","","","","","","","","","","","","","","","","","","","","","","","","","","","","","","","","","","","","","","","","","","","","","","","","","","","","","","","","","","","","","","","","","","","","","","","","","","","","","","","","","","","","","","","","","","","","","","","","","","","","","","","","","","","","","","","","","","","","","","","","","","","","","","","","","","","","","","","","","","","","","","","","","","","","","","","","","","","","","","",""
"    Citizenship status","7.5%","(X)","(X)","(X)","(X)","(X)","(X)","(X)","6.7%","(X)","(X)","(X)","(X)","(X)","(X)","(X)","10.5%","(X)","(X)","(X)","(X)","(X)","(X)","(X)","7.9%","(X)","(X)","(X)","(X)","(X)","(X)","(X)","7.5%","(X)","(X)","(X)","(X)","(X)","(X)","(X)","6.7%","(X)","(X)","(X)","(X)","(X)","(X)","(X)","7.4%","(X)","(X)","(X)","(X)","(X)","(X)","(X)","6.5%","(X)","(X)","(X)","(X)","(X)","(X)","(X)","6.8%","(X)","(X)","(X)","(X)","(X)","(X)","(X)","5.2%","(X)","(X)","(X)","(X)","(X)","(X)","(X)","5.3%","(X)","(X)","(X)","(X)","(X)","(X)","(X)","6.1%","(X)","(X)","(X)","(X)","(X)","(X)","(X)","10.6%","(X)","(X)","(X)","(X)","(X)","(X)","(X)","5.6%","(X)","(X)","(X)","(X)","(X)","(X)","(X)","6.0%","(X)","(X)","(X)","(X)","(X)","(X)","(X)","6.2%","(X)","(X)","(X)","(X)","(X)","(X)","(X)","6.3%","(X)","(X)","(X)","(X)","(X)","(X)","(X)","6.6%","(X)","(X)","(X)","(X)","(X)","(X)","(X)","5.5%","(X)","(X)","(X)","(X)","(X)","(X)","(X)","6.4%","(X)","(X)","(X)","(X)","(X)","(X)","(X)","6.9%","(X)","(X)","(X)","(X)","(X)","(X)","(X)"
"    Place of birth","9.4%","(X)","(X)","(X)","(X)","(X)","(X)","(X)","10.6%","(X)","(X)","(X)","(X)","(X)","(X)","(X)","11.9%","(X)","(X)","(X)","(X)","(X)","(X)","(X)","9.3%","(X)","(X)","(X)","(X)","(X)","(X)","(X)","9.1%","(X)","(X)","(X)","(X)","(X)","(X)","(X)","8.3%","(X)","(X)","(X)","(X)","(X)","(X)","(X)","9.2%","(X)","(X)","(X)","(X)","(X)","(X)","(X)","8.4%","(X)","(X)","(X)","(X)","(X)","(X)","(X)","9.1%","(X)","(X)","(X)","(X)","(X)","(X)","(X)","8.3%","(X)","(X)","(X)","(X)","(X)","(X)","(X)","8.4%","(X)","(X)","(X)","(X)","(X)","(X)","(X)","9.5%","(X)","(X)","(X)","(X)","(X)","(X)","(X)","12.4%","(X)","(X)","(X)","(X)","(X)","(X)","(X)","8.6%","(X)","(X)","(X)","(X)","(X)","(X)","(X)","8.8%","(X)","(X)","(X)","(X)","(X)","(X)","(X)","9.1%","(X)","(X)","(X)","(X)","(X)","(X)","(X)","6.7%","(X)","(X)","(X)","(X)","(X)","(X)","(X)","8.1%","(X)","(X)","(X)","(X)","(X)","(X)","(X)","8.2%","(X)","(X)","(X)","(X)","(X)","(X)","(X)","8.0%","(X)","(X)","(X)","(X)","(X)","(X)","(X)","8.8%","(X)","(X)","(X)","(X)","(X)","(X)","(X)"